{
    "faces": [41,0,1,2,3,0,1,2,3,0,1,2,3,41,0,3,4,5,0,3,4,5,0,3,4,5,41,0,6,7,1,0,6,7,1,0,6,7,1,41,6,0,5,8,6,0,5,8,6,0,5,5,41,6,9,10,7,6,9,10,7,6,8,9,7,41,6,8,11,9,6,8,11,9,6,5,10,8,41,12,13,14,15,12,13,14,15,11,12,13,14,41,16,15,14,17,16,15,14,17,15,14,13,16,41,18,19,20,21,18,19,20,21,17,18,19,20,41,22,23,20,19,22,23,24,25,21,22,19,18,41,24,23,22,25,26,23,22,27,23,22,21,24,41,24,25,13,12,26,27,28,29,23,24,12,11,41,26,18,21,27,30,18,21,31,25,17,20,26,41,28,29,30,31,32,33,34,35,27,28,29,30,41,5,4,31,30,5,4,35,34,5,4,30,29,41,29,32,33,30,33,36,37,34,28,31,32,29,41,5,30,33,8,5,34,37,8,5,29,32,5,41,34,35,33,32,38,39,37,36,33,34,32,31,41,11,8,33,35,11,8,37,39,10,5,32,34,41,36,37,38,39,40,41,42,43,35,36,37,38,41,16,17,38,37,16,17,42,41,15,16,37,36,41,40,41,42,43,44,45,46,47,39,40,41,42,41,43,44,45,40,48,49,50,51,42,43,44,39,41,44,46,47,45,49,52,53,50,43,45,46,44,41,46,36,39,47,52,54,55,53,45,35,38,46,41,26,27,42,41,30,31,46,45,25,26,41,40,41,15,3,2,12,15,3,2,12,14,3,2,11,41,24,12,2,1,26,29,2,1,23,11,2,1,41,15,16,4,3,15,16,4,3,14,15,4,3,41,21,20,10,9,21,20,10,9,20,19,9,8,41,23,7,10,20,23,7,10,24,22,7,9,19,41,21,9,11,27,21,9,11,31,20,8,10,26,41,37,36,28,31,41,40,32,35,36,35,27,30,41,46,29,28,36,52,33,32,54,45,28,27,35,41,16,37,31,4,16,41,35,4,15,36,30,4,41,34,43,42,35,38,47,46,39,33,42,41,34,41,44,43,34,32,49,48,38,36,43,42,33,31,41,27,11,35,42,31,11,39,46,26,10,34,41,41,24,1,7,23,26,1,7,23,23,1,7,22,41,44,32,29,46,49,36,33,52,43,31,28,45],
    "uvs": [[-0.004227,-0.009746,-0.05431,-0.009746,-0.048744,-0.059827,-0.004227,-0.065395,0.518533,-0.065395,0.518533,-0.009746,-0.004227,1.01414,-0.05431,1.01414,0.518533,1.01414,-0.004227,1.06979,-0.048744,1.06422,0.518533,1.06979,-0.059872,-0.082086,-0.065437,-0.132167,-0.009792,-0.132167,-0.004227,-0.082086,0.518533,-0.087651,0.518533,-0.137729,-0.004227,1.14212,-0.059872,1.13656,-0.059872,1.08648,-0.004227,1.09204,-0.121083,1.01414,-0.071003,1.01414,-0.071003,1.07535,-0.121083,1.08092,-0.071003,-0.009746,-0.126648,-0.009746,-0.121083,-0.07096,-0.065437,-0.07096,0.518533,1.14212,0.518533,1.09204,1.03224,-0.059827,1.03781,-0.009746,0.993292,-0.009746,0.993292,-0.065395,1.04337,1.01414,0.993292,1.01414,1.03224,1.05866,0.993292,1.06979,1.04337,-0.082086,0.993292,-0.082086,0.993292,-0.137729,1.04894,-0.132167,1.04894,1.13656,0.993292,1.14212,0.993292,1.08648,1.04894,1.08092,1.0545,1.07535,1.06007,1.01414,1.11015,1.01414,1.11015,1.07535,1.06007,-0.009746,1.11015,-0.009746,1.0545,-0.07096,1.10459,-0.07096]],
    "normals": [0.988403,0.151738,6.1e-05,0.918577,0.108676,0.379955,0.941954,-0.156743,0.296854,0.971404,-0.235237,0.031373,0.975524,-0.219855,-0.000214,0.988372,0.151891,-0.000153,0.988403,0.151738,-0.000244,0.911252,0.166906,0.376446,0.854488,0.518632,0.028718,0.851039,0.433363,0.296487,0.862545,0.505966,-6.1e-05,0.479019,-0.588885,0.650899,0.095157,-0.697562,0.710166,0.134373,-0.987976,0.076357,0.51735,-0.85287,0.070162,0.523698,-0.851894,-0.000275,0.134739,-0.990875,-0.000214,-0.134373,0.988128,0.074038,-0.095431,0.702109,0.705618,0.293344,0.697592,0.653645,0.257302,0.963988,0.066836,-0.009247,0.069216,0.997528,0.382794,0.121982,0.915738,0.397931,-0.011963,0.917325,0.010834,-0.077334,0.996918,-0.13477,0.990875,0.000214,0.264229,0.964446,0.000122,0.941099,-0.153905,-0.300943,0.918546,0.109226,-0.379894,0.988403,0.151708,-0.000305,0.970794,-0.237068,-0.036225,0.90878,0.173742,-0.379315,0.988403,0.151646,0.000153,0.850215,0.429304,-0.304575,0.850429,0.524094,-0.045045,0.477004,-0.581866,-0.658681,0.516434,-0.852596,-0.079653,0.13422,-0.987121,-0.086673,0.093753,-0.689657,-0.718009,-0.093783,0.687735,-0.71984,-0.133915,0.984802,-0.110355,0.254311,0.961974,-0.099582,0.291269,0.685324,-0.667409,0.378857,0.136784,-0.915281,-0.012055,0.086154,-0.996185,0.397595,-0.010681,-0.917478,0.010193,-0.07593,-0.99704],
    "vertices": [-193.231,1026.25,7.10845,-193.231,1026.25,8.90055,-192.947,1024.48,8.61045,-192.907,1024.25,7.10835,-192.909,1024.25,-0.017953,-193.232,1026.25,-0.017753,-198.575,1062.91,7.11515,-198.575,1062.91,8.90835,-198.577,1062.92,-0.009848,-198.898,1064.91,7.11535,-198.858,1064.68,8.65315,-198.9,1064.91,-0.009748,-193.351,1023.97,9.06415,-195.06,1023.74,9.06455,-195.009,1023.44,7.10865,-193.3,1023.68,7.10835,-193.302,1023.68,-0.017853,-195.011,1023.45,-0.017553,-201.164,1065.12,7.11575,-201.113,1064.83,9.11415,-199.404,1065.06,9.11375,-199.455,1065.35,7.11545,-200.758,1062.61,9.42725,-199.05,1062.85,9.42685,-193.705,1026.18,9.41895,-195.414,1025.95,9.41935,-201.165,1065.12,-0.009148,-199.456,1065.35,-0.009548,-192.956,1024.52,-8.65625,-193.234,1026.25,-8.93595,-193.234,1026.25,-7.14275,-192.91,1024.25,-7.14295,-198.578,1062.92,-8.92815,-198.578,1062.92,-7.13605,-198.842,1064.57,-8.62825,-198.901,1064.92,-7.13595,-193.361,1024.02,-9.11195,-193.303,1023.68,-7.14295,-195.012,1023.45,-7.14265,-195.07,1023.79,-9.11155,-201.093,1064.69,-9.07995,-201.167,1065.12,-7.13545,-199.458,1065.36,-7.13575,-199.384,1064.92,-9.08025,-199.053,1062.85,-9.44645,-200.761,1062.61,-9.44605,-193.708,1026.19,-9.45425,-195.417,1025.95,-9.45385],
    "name": "birka_spinkaGeometry",
    "metadata": {
        "uvs": 1,
        "generator": "io_three",
        "normals": 47,
        "vertices": 48,
        "faces": 40,
        "version": 3,
        "type": "Geometry"
    }
}