{
    "normals":[0.920961,-0.001013,-0.389654,0.920907,-0.00102,-0.389781,0.920823,-0.001074,-0.389978,0.920966,-0.000989,-0.389642,0.92087,-0.001024,-0.389868,0.920736,-0.000499,-0.390185,0.920942,-0.000981,-0.389699,0.921062,-0.001329,-0.389413,0.920636,-0.001875,-0.390417,0.920737,-0.000842,-0.390183,0.921074,-0.000159,-0.389387,0.920998,-0.001612,-0.389563,0.920951,-0.000934,-0.389678,0.920955,-0.001055,-0.389669,0.920951,-0.000998,-0.389678,0.920884,-0.001974,-0.389832,0.920939,-0.001083,-0.389705,0.920939,-0.001092,-0.389705,0.92097,-0.001272,-0.389631,0.920754,-0.001576,-0.39014,0.921162,-0.00052,-0.389178,0.920931,-0.001006,-0.389725,0.92137,-0.002019,-0.388682,0.920996,-0.000989,-0.389571,0.921151,-0.000832,-0.389206,0.920093,-0.001386,-0.391698,0.920944,-0.000978,-0.389693,0.92109,-0.001085,-0.389348,0.92095,-0.000981,-0.389679],
    "faces":[40,8,5,2,0,1,2,0,0,0,40,6,5,7,3,1,4,1,1,1,40,11,9,8,5,6,0,2,2,2,40,27,21,19,7,8,9,3,3,3,40,10,9,11,10,6,5,4,4,4,40,4,3,5,11,12,1,5,5,5,40,11,8,2,5,0,2,6,6,6,40,3,2,5,12,2,1,7,7,7,40,12,11,13,13,5,14,8,8,8,40,8,7,5,0,4,1,9,9,9,40,15,14,13,15,16,14,10,10,10,40,2,1,0,2,17,18,11,11,11,40,17,15,13,19,15,14,12,12,12,40,2,0,30,2,18,20,13,13,13,40,17,16,15,19,21,15,14,14,14,40,0,31,30,18,22,20,15,15,15,40,19,17,13,9,19,14,16,16,16,40,19,13,11,9,14,5,17,17,17,40,19,18,17,9,23,19,18,18,18,40,30,29,27,20,24,7,19,19,19,40,28,27,29,25,7,24,20,20,20,40,22,27,24,26,7,27,21,21,21,40,20,19,21,28,9,8,22,22,22,40,22,21,27,26,8,7,23,23,23,40,27,26,24,7,29,27,24,24,24,40,25,24,26,30,27,29,25,25,25,40,30,27,19,20,7,9,26,26,26,40,24,23,22,27,31,26,27,27,27,41,2,30,19,11,2,20,9,5,28,28,28,28],
    "name":"Circle.006Geometry",
    "vertices":[-15.7291,355.58,146.175,-15.0947,354.081,146.343,-14.4846,352.641,146.829,-13.9233,351.316,147.607,-13.431,350.156,148.652,-13.0283,349.207,149.924,-12.7289,348.503,151.371,-12.5457,348.074,152.942,-12.4855,347.936,154.571,-12.5499,348.092,156.2,-12.737,348.539,157.763,-13.04,349.258,159.202,-13.4457,350.221,160.462,-13.9404,351.392,161.493,-14.5041,352.726,162.258,-15.1151,354.171,162.724,-15.7501,355.673,162.876,-16.3847,357.172,162.706,-16.9947,358.612,162.222,-17.5563,359.937,161.441,-18.048,361.097,160.397,-18.451,362.046,159.125,-18.7498,362.749,157.678,-18.9334,363.179,156.109,-18.9937,363.317,154.479,-18.9296,363.16,152.851,-18.7417,362.714,151.286,-18.4393,361.995,149.847,-18.0333,361.032,148.587,-17.5389,359.861,147.555,-16.9752,358.527,146.793,-16.3642,357.081,146.325],
    "metadata":{
        "generator":"io_three",
        "normals":29,
        "type":"Geometry",
        "faces":29,
        "uvs":1,
        "version":3,
        "vertices":32
    },
    "uvs":[[0.506842,-0.00236,0.784843,0.086136,0.966676,0.314088,0.698648,0.038481,0.604686,0.008606,0.226646,0.078526,0.408695,0.005938,0.773397,0.921511,0.215196,0.913895,0.078533,0.773419,0.314102,0.033227,0.860142,0.149605,0.92152,0.226629,0.14964,0.139921,0.086121,0.215225,0.0086,0.395297,0.038475,0.301435,0.994099,0.408751,1.00233,0.50687,0.005948,0.591296,0.961446,0.698602,-0.002412,0.493169,0.991446,0.604736,0.033248,0.685947,0.913922,0.784814,0.850418,0.860117,0.301402,0.961505,0.49307,1.00239,0.139906,0.850422,0.685946,0.966756,0.591226,0.994111,0.395247,0.991427]]
}