{
    "normals":[0.334082,-0.00102,0.942544,0.334235,-0.001014,0.942489,0.334358,-0.00105,0.942446,0.334075,-0.000989,0.942546,0.334315,-0.001031,0.942461,0.334603,-0.000526,0.942359,0.33414,-0.000979,0.942523,0.333848,-0.001319,0.942626,0.334838,-0.001843,0.942274,0.334601,-0.000856,0.942359,0.333812,-0.000152,0.94264,0.333994,-0.00163,0.942574,0.334117,-0.000948,0.942531,0.334105,-0.001054,0.942535,0.334117,-0.001045,0.942531,0.334276,-0.001995,0.942473,0.334142,-0.001083,0.942522,0.334142,-0.001096,0.942522,0.334069,-0.001266,0.942548,0.334589,-0.001581,0.942363,0.333588,-0.000506,0.942719,0.334168,-0.001007,0.942513,0.333131,-0.00198,0.942879,0.334006,-0.000989,0.94257,0.333668,-0.000842,0.94269,0.336083,-0.001367,0.941831,0.334129,-0.000978,0.942527,0.333768,-0.001089,0.942655,0.334116,-0.000981,0.942532],
    "faces":[40,8,5,2,0,1,2,0,0,0,40,6,5,7,3,1,4,1,1,1,40,11,9,8,5,6,0,2,2,2,40,27,21,19,7,8,9,3,3,3,40,10,9,11,10,6,5,4,4,4,40,4,3,5,11,12,1,5,5,5,40,11,8,2,5,0,2,6,6,6,40,3,2,5,12,2,1,7,7,7,40,12,11,13,13,5,14,8,8,8,40,8,7,5,0,4,1,9,9,9,40,15,14,13,15,16,14,10,10,10,40,2,1,0,2,17,18,11,11,11,40,17,15,13,19,15,14,12,12,12,40,2,0,30,2,18,20,13,13,13,40,17,16,15,19,21,15,14,14,14,40,0,31,30,18,22,20,15,15,15,40,19,17,13,9,19,14,16,16,16,40,19,13,11,9,14,5,17,17,17,40,19,18,17,9,23,19,18,18,18,40,30,29,27,20,24,7,19,19,19,40,28,27,29,25,7,24,20,20,20,40,22,27,24,26,7,27,21,21,21,40,20,19,21,28,9,8,22,22,22,40,22,21,27,26,8,7,23,23,23,40,27,26,24,7,29,27,24,24,24,40,25,24,26,30,27,29,25,25,25,40,30,27,19,20,7,9,26,26,26,40,24,23,22,27,31,26,27,27,27,41,2,30,19,11,2,20,9,5,28,28,28,28],
    "name":"Circle.004Geometry",
    "vertices":[115.05,381.505,211.188,112.511,380.605,211.467,110.071,379.739,212.271,107.827,378.942,213.559,105.862,378.243,215.288,104.255,377.672,217.392,103.064,377.247,219.787,102.337,376.986,222.387,102.103,376.9,225.083,102.367,376.991,227.778,103.123,377.256,230.364,104.341,377.686,232.745,105.971,378.261,234.831,107.955,378.963,236.537,110.214,379.763,237.802,112.662,380.629,238.574,115.204,381.53,238.825,117.743,382.431,238.543,120.182,383.296,237.742,122.427,384.093,236.451,124.392,384.791,234.722,125.998,385.363,232.618,127.189,385.788,230.223,127.917,386.048,227.626,128.151,386.135,224.93,127.887,386.044,222.236,127.13,385.778,219.646,125.913,385.349,217.265,124.282,384.773,215.179,122.298,384.072,213.473,120.04,383.272,212.211,117.592,382.406,211.436],
    "metadata":{
        "generator":"io_three",
        "normals":29,
        "type":"Geometry",
        "faces":29,
        "uvs":1,
        "version":3,
        "vertices":32
    },
    "uvs":[[0.465819,-0.001246,0.750116,0.064267,0.949945,0.276619,0.660319,0.023806,0.564232,0.001698,0.193159,0.102237,0.368677,0.015034,0.806883,0.89779,0.249923,0.935754,0.102251,0.8069,0.276627,0.049952,0.830343,0.121379,0.897803,0.193138,0.121421,0.169712,0.06426,0.249949,0.001693,0.435747,0.023808,0.339759,0.985003,0.368728,1.00122,0.465848,0.015046,0.631308,0.976113,0.660277,-0.001295,0.53419,0.998352,0.564276,0.049979,0.723416,0.935784,0.75008,0.878637,0.830315,0.339727,0.97617,0.534092,1.00128,0.169704,0.878638,0.723417,0.95002,0.631245,0.985014,0.435701,0.998334]]
}