{
    "vertices":[-137.26,777.463,3.68369,-137.256,777.463,5.47579,-137.09,775.682,5.18539,-137.068,775.446,3.68329,-137.082,775.447,-3.44301,-137.273,777.465,-3.44251,-140.186,814.4,3.6948,-140.182,814.4,5.4879,-140.199,814.402,-3.4303,-140.377,816.416,3.6952,-140.35,816.182,5.233,-140.391,816.418,-3.4298,-137.525,775.202,5.63989,-139.246,775.082,5.64329,-139.218,774.783,3.68739,-137.498,774.903,3.68409,-137.512,774.904,-3.44211,-139.232,774.784,-3.43881,-142.624,816.773,3.6996,-142.589,816.476,5.6978,-140.869,816.596,5.6944,-140.903,816.893,3.6962,-142.379,814.242,6.0106,-140.659,814.366,6.0072,-137.733,777.429,5.99509,-139.454,777.305,5.99849,-142.637,816.774,-3.4254,-140.917,816.894,-3.4287,-137.127,775.719,-12.0812,-137.29,777.466,-12.3607,-137.287,777.466,-10.5675,-137.096,775.448,-10.568,-140.216,814.403,-12.3485,-140.213,814.403,-10.5565,-140.371,816.071,-12.0484,-140.404,816.419,-10.556,-137.564,775.248,-12.5361,-137.525,774.905,-10.5672,-139.246,774.786,-10.5639,-139.285,775.128,-12.5327,-142.609,816.339,-12.4962,-142.651,816.776,-10.5517,-140.931,816.895,-10.555,-140.889,816.458,-12.4995,-140.695,814.369,-12.866,-142.415,814.244,-12.8626,-137.769,777.432,-12.8781,-139.489,777.307,-12.8748],
    "uvs":[[-0.008414,0.001615,-0.057374,0.001615,-0.051933,-0.04734,-0.008414,-0.05278,0.494442,-0.05278,0.494442,0.001615,-0.008414,1.00255,-0.057374,1.00255,0.494442,1.00255,-0.008414,1.05695,-0.051933,1.05151,0.494442,1.05695,-0.062815,-0.069101,-0.068249,-0.118062,-0.013855,-0.123499,-0.008414,-0.074541,0.494442,-0.074541,0.494442,-0.123499,-0.008414,1.12223,-0.068249,1.12223,-0.062815,1.07327,-0.008414,1.07327,-0.122651,1.00255,-0.07369,1.00255,-0.07369,1.06239,-0.122651,1.06784,-0.079131,0.001615,-0.128091,0.001615,-0.122651,-0.063661,-0.07369,-0.058223,0.494442,1.12767,0.494442,1.07327,1.03538,-0.04734,1.04082,0.001615,0.997297,0.001615,0.997297,-0.05278,1.04626,1.00255,0.997297,1.00255,1.03538,1.04607,0.997297,1.05695,1.04626,-0.069101,0.997297,-0.074541,0.997297,-0.123499,1.0517,-0.118062,1.0517,1.11679,0.997297,1.12223,0.997297,1.07327,1.0517,1.06784,1.05714,1.05695,1.06258,1.00255,1.11153,1.00255,1.11153,1.06239,1.06258,0.001615,1.11153,0.001615,1.05714,-0.058223,1.1061,-0.063661]],
    "metadata":{
        "type":"Geometry",
        "generator":"io_three",
        "uvs":1,
        "version":3,
        "vertices":48,
        "faces":40,
        "normals":48
    },
    "faces":[41,0,1,2,3,0,1,2,3,0,1,2,3,41,0,3,4,5,0,3,4,5,0,3,4,5,41,0,6,7,1,0,6,7,1,0,6,7,1,41,6,0,5,8,6,0,5,8,6,0,5,8,41,6,9,10,7,6,9,10,7,6,9,10,7,41,6,8,11,9,6,8,11,9,6,8,11,9,41,12,13,14,15,12,13,14,15,12,13,14,15,41,16,15,14,17,16,15,14,17,16,15,14,17,41,18,19,20,21,18,19,20,21,18,19,20,21,41,22,23,20,19,22,23,24,25,22,23,20,19,41,24,23,22,25,26,23,22,27,24,23,22,25,41,24,25,13,12,26,27,28,29,24,25,13,12,41,26,18,21,27,30,18,21,31,26,18,21,27,41,28,29,30,31,32,33,34,35,28,29,30,31,41,5,4,31,30,5,4,35,34,5,4,31,30,41,29,32,33,30,33,36,37,34,29,32,33,30,41,5,30,33,8,5,34,37,8,5,30,33,8,41,34,35,33,32,38,39,37,36,34,35,33,32,41,11,8,33,35,11,8,37,39,11,8,33,35,41,36,37,38,39,40,41,42,43,36,37,38,39,41,16,17,38,37,16,17,42,41,16,17,38,37,41,40,41,42,43,44,45,46,47,40,41,42,43,41,43,44,45,40,48,49,50,51,43,44,45,40,41,44,46,47,45,49,52,53,50,44,46,47,45,41,46,36,39,47,52,54,55,53,46,36,39,47,41,26,27,42,41,30,31,46,45,26,27,42,41,41,15,3,2,12,15,3,2,12,15,3,2,12,41,24,12,2,1,26,29,2,1,24,12,2,1,41,15,16,4,3,15,16,4,3,15,16,4,3,41,21,20,10,9,21,20,10,9,21,20,10,9,41,23,7,10,20,23,7,10,24,23,7,10,20,41,21,9,11,27,21,9,11,31,21,9,11,27,41,37,36,28,31,41,40,32,35,37,36,28,31,41,46,29,28,36,52,33,32,54,46,29,28,36,41,16,37,31,4,16,41,35,4,16,37,31,4,41,34,43,42,35,38,47,46,39,34,43,42,35,41,44,43,34,32,49,48,38,36,44,43,34,32,41,27,11,35,42,31,11,39,46,27,11,35,42,41,24,1,7,23,26,1,7,23,24,1,7,23,41,44,32,29,46,49,36,33,52,44,32,29,46],
    "name":"birka_spinka.001Geometry",
    "normals":[0.996246,0.08652,-0.001648,0.924406,0.048128,0.378277,0.930174,-0.218177,0.295175,0.953917,-0.298502,0.029695,0.958953,-0.283456,-0.001892,0.996216,0.086673,-0.001892,0.996216,0.08652,-0.002014,0.920896,0.106754,0.374828,0.996216,0.086703,-0.001892,0.886746,0.461409,0.027161,0.87814,0.376598,0.294931,0.893887,0.448225,-0.001617,0.440535,-0.619068,0.650105,0.050417,-0.702322,0.710044,0.06943,-0.994659,0.076174,0.460372,-0.884976,0.069338,0.466628,-0.884426,-0.001068,0.069491,-0.997559,-0.000305,-0.069124,0.994842,0.074129,-0.047853,0.7069,0.705649,0.33964,0.67684,0.653035,0.320139,0.945036,0.066256,-0.00296,0.069704,0.997559,0.391552,0.096622,0.915036,0.397931,-0.038057,0.916593,0.007477,-0.077853,0.996918,-0.069582,0.997559,0.000305,0.326945,0.945036,-0.000427,0.928465,-0.215278,-0.302622,0.923032,0.048677,-0.381542,0.996246,0.08652,-0.002045,0.953093,-0.300211,-0.037873,0.91757,0.113681,-0.380902,0.996246,0.086428,-0.001556,0.876064,0.372539,-0.30607,0.882962,0.467086,-0.046602,0.436628,-0.611957,-0.659383,0.459243,-0.88464,-0.080416,0.069002,-0.993835,-0.086734,0.047029,-0.694327,-0.718101,-0.049684,0.692404,-0.719779,-0.069277,0.991455,-0.110294,0.316721,0.943205,-0.100192,0.334513,0.664693,-0.66802,0.385418,0.111606,-0.915952,-0.008087,0.086764,-0.996185,0.394391,-0.036805,-0.91818,0.003479,-0.076479,-0.99704]
}