{
    "normals":[0.996155,0.087344,6.1e-05,0.923704,0.048891,0.379925,0.929807,-0.217475,0.296823,0.9541,-0.297739,0.031373,0.959197,-0.282662,-0.000214,0.996155,0.087497,-0.000153,0.996155,0.087344,-0.000244,0.920164,0.107486,0.376446,0.88638,0.46205,0.028718,0.877346,0.377239,0.296487,0.893551,0.448897,-6.1e-05,0.439863,-0.618702,0.650899,0.049745,-0.702261,0.710135,0.07004,-0.994598,0.076327,0.460952,-0.88464,0.070162,0.46733,-0.88406,-0.000275,0.070254,-0.997497,-0.000214,-0.070101,0.994781,0.074038,-0.049776,0.706839,0.705588,0.337931,0.677145,0.653615,0.319315,0.94525,0.066836,-0.004761,0.069674,0.997528,0.389874,0.096927,0.915738,0.396313,-0.037721,0.917325,0.005799,-0.077883,0.996918,-0.070284,0.997497,0.000214,0.326273,0.94525,0.000122,0.929136,-0.214606,-0.300974,0.923673,0.04944,-0.379925,0.996155,0.087313,-0.000275,0.953398,-0.299509,-0.036225,0.918149,0.114475,-0.379315,0.996155,0.087252,0.000153,0.876309,0.373211,-0.304544,0.882687,0.467788,-0.045045,0.438276,-0.61156,-0.658681,0.460067,-0.884274,-0.079653,0.070009,-0.993744,-0.086642,0.048891,-0.694296,-0.717978,-0.049013,0.692373,-0.71984,-0.069857,0.991424,-0.110355,0.316202,0.943419,-0.099582,0.335124,0.664998,-0.667409,0.386914,0.111911,-0.915281,-0.006439,0.086764,-0.996185,0.396008,-0.03647,-0.917508,0.005249,-0.076449,-0.99704],
    "faces":[41,0,1,2,3,0,1,2,3,0,1,2,3,41,0,3,4,5,0,3,4,5,0,3,4,5,41,0,6,7,1,0,6,7,1,0,6,7,1,41,6,0,5,8,6,0,5,8,6,0,5,5,41,6,9,10,7,6,9,10,7,6,8,9,7,41,6,8,11,9,6,8,11,9,6,5,10,8,41,12,13,14,15,12,13,14,15,11,12,13,14,41,16,15,14,17,16,15,14,17,15,14,13,16,41,18,19,20,21,18,19,20,21,17,18,19,20,41,22,23,20,19,22,23,24,25,21,22,19,18,41,24,23,22,25,26,23,22,27,23,22,21,24,41,24,25,13,12,26,27,28,29,23,24,12,11,41,26,18,21,27,30,18,21,31,25,17,20,26,41,28,29,30,31,32,33,34,35,27,28,29,30,41,5,4,31,30,5,4,35,34,5,4,30,29,41,29,32,33,30,33,36,37,34,28,31,32,29,41,5,30,33,8,5,34,37,8,5,29,32,5,41,34,35,33,32,38,39,37,36,33,34,32,31,41,11,8,33,35,11,8,37,39,10,5,32,34,41,36,37,38,39,40,41,42,43,35,36,37,38,41,16,17,38,37,16,17,42,41,15,16,37,36,41,40,41,42,43,44,45,46,47,39,40,41,42,41,43,44,45,40,48,49,50,51,42,43,44,39,41,44,46,47,45,49,52,53,50,43,45,46,44,41,46,36,39,47,52,54,55,53,45,35,38,46,41,26,27,42,41,30,31,46,45,25,26,41,40,41,15,3,2,12,15,3,2,12,14,3,2,11,41,24,12,2,1,26,29,2,1,23,11,2,1,41,15,16,4,3,15,16,4,3,14,15,4,3,41,21,20,10,9,21,20,10,9,20,19,9,8,41,23,7,10,20,23,7,10,24,22,7,9,19,41,21,9,11,27,21,9,11,31,20,8,10,26,41,37,36,28,31,41,40,32,35,36,35,27,30,41,46,29,28,36,52,33,32,54,45,28,27,35,41,16,37,31,4,16,41,35,4,15,36,30,4,41,34,43,42,35,38,47,46,39,33,42,41,34,41,44,43,34,32,49,48,38,36,43,42,33,31,41,27,11,35,42,31,11,39,46,26,10,34,41,41,24,1,7,23,26,1,7,23,23,1,7,22,41,44,32,29,46,49,36,33,52,43,31,28,45],
    "name":"birka_spinkaGeometry",
    "vertices":[-170.912,1002.47,2.70902,-170.912,1002.47,4.50112,-170.744,1000.69,4.21102,-170.719,1000.45,2.70882,-170.721,1000.46,-4.41738,-170.914,1002.47,-4.41718,-173.868,1039.41,2.71572,-173.868,1039.41,4.50892,-173.87,1039.41,-4.40938,-174.061,1041.42,2.71592,-174.037,1041.19,4.25372,-174.063,1041.42,-4.40918,-171.18,1000.21,4.66472,-172.9,1000.09,4.66512,-172.869,999.79,2.70922,-171.148,999.911,2.70892,-171.15,999.913,-4.41728,-172.87,999.792,-4.41698,-176.308,1041.78,2.71632,-176.277,1041.48,4.71462,-174.557,1041.6,4.71432,-174.588,1041.9,2.71602,-176.066,1039.25,5.02782,-174.346,1039.37,5.02742,-171.39,1002.44,5.01952,-173.11,1002.31,5.01992,-176.31,1041.78,-4.40858,-174.589,1041.9,-4.40898,-170.751,1000.73,-13.0557,-170.915,1002.48,-13.3355,-170.915,1002.48,-11.5422,-170.722,1000.46,-11.5424,-173.871,1039.41,-13.3276,-173.871,1039.41,-11.5356,-174.027,1041.08,-13.0277,-174.064,1041.43,-11.5354,-171.187,1000.26,-13.5114,-171.151,999.914,-11.5424,-172.872,999.793,-11.5421,-172.908,1000.14,-13.511,-176.265,1041.34,-13.4794,-176.311,1041.78,-11.5349,-174.59,1041.9,-11.5353,-174.545,1041.46,-13.4797,-174.349,1039.38,-13.8459,-176.069,1039.25,-13.8455,-171.393,1002.44,-13.8537,-173.113,1002.31,-13.8533],
    "uvs":[[-0.005057,-0.003874,-0.054838,-0.003874,-0.048615,-0.05366,-0.005057,-0.05988,0.511673,-0.05988,0.511673,-0.003874,-0.005057,1.00419,-0.054838,1.00419,0.511673,1.00419,-0.005057,1.06019,-0.048615,1.05397,0.511673,1.06019,-0.061062,-0.072323,-0.061062,-0.128329,-0.005057,-0.128329,-0.005057,-0.078549,0.511673,-0.078549,0.511673,-0.134548,-0.005057,1.12864,-0.061062,1.12864,-0.061062,1.07264,-0.005057,1.07886,-0.123287,1.00419,-0.073505,1.00419,-0.067282,1.06641,-0.117064,1.06641,-0.073505,-0.003874,-0.123287,-0.003874,-0.117064,-0.072323,-0.067282,-0.0661,0.511673,1.12864,0.511673,1.07886,1.05304,-0.05366,1.05926,-0.003874,1.01571,-0.003874,1.01571,-0.05988,1.05926,1.00419,1.01571,1.00419,1.05926,1.04775,1.01571,1.06019,1.06549,-0.072323,1.01571,-0.078549,1.01571,-0.128329,1.07171,-0.128329,1.07171,1.12242,1.01571,1.12864,1.01571,1.07886,1.06549,1.07264,1.07793,1.06019,1.08416,1.00419,1.13393,1.00419,1.12771,1.06641,1.07793,-0.003874,1.13393,-0.010097,1.07793,-0.0661,1.12771,-0.0661]],
    "metadata":{
        "version":3,
        "normals":47,
        "type":"Geometry",
        "faces":40,
        "generator":"io_three",
        "vertices":48,
        "uvs":1
    }
}