{
    "vertices":[118.293,382.719,211.188,115.754,381.819,211.467,113.314,380.954,212.271,111.07,380.157,213.559,109.105,379.458,215.288,107.498,378.887,217.392,106.307,378.461,219.787,105.58,378.201,222.387,105.345,378.115,225.083,105.61,378.206,227.778,106.365,378.471,230.364,107.584,378.901,232.745,109.214,379.476,234.831,111.198,380.178,236.537,113.457,380.977,237.802,115.905,381.844,238.574,118.447,382.745,238.825,120.986,383.645,238.543,123.425,384.511,237.742,125.669,385.308,236.451,127.634,386.006,234.722,129.241,386.578,232.618,130.432,387.002,230.223,131.16,387.263,227.626,131.394,387.349,224.93,131.129,387.259,222.236,130.373,386.993,219.646,129.156,386.564,217.265,127.525,385.988,215.179,125.541,385.287,213.473,123.283,384.487,212.211,120.835,383.621,211.436],
    "uvs":[[0.465819,-0.001246,0.750116,0.064267,0.949945,0.276619,0.660319,0.023806,0.564232,0.001698,0.193159,0.102237,0.368677,0.015034,0.806883,0.89779,0.249923,0.935754,0.102251,0.8069,0.276627,0.049952,0.830343,0.121379,0.897803,0.193138,0.121421,0.169712,0.06426,0.249949,0.001693,0.435747,0.023808,0.339759,0.985003,0.368728,1.00122,0.465848,0.015046,0.631308,0.976113,0.660277,-0.001295,0.53419,0.998352,0.564276,0.049979,0.723416,0.935784,0.75008,0.878637,0.830315,0.339727,0.97617,0.534092,1.00128,0.169704,0.878638,0.723417,0.95002,0.631245,0.985014,0.435701,0.998334]],
    "metadata":{
        "generator":"io_three",
        "vertices":32,
        "type":"Geometry",
        "uvs":1,
        "normals":29,
        "faces":29,
        "version":3
    },
    "normals":[0.334085,-0.001017,0.942542,0.334251,-0.001005,0.942484,0.334352,-0.00105,0.942448,0.334075,-0.000989,0.942546,0.334298,-0.001026,0.942467,0.334577,-0.000553,0.942368,0.334139,-0.00098,0.942523,0.333856,-0.00131,0.942623,0.334826,-0.001828,0.942278,0.334595,-0.000856,0.942362,0.333803,-0.000135,0.942643,0.333994,-0.00163,0.942574,0.334119,-0.000957,0.94253,0.334105,-0.001054,0.942535,0.334119,-0.001064,0.94253,0.334269,-0.001957,0.942476,0.334141,-0.001079,0.942522,0.334141,-0.001092,0.942522,0.33406,-0.001283,0.942551,0.334581,-0.001572,0.942366,0.333588,-0.000506,0.942719,0.334174,-0.001007,0.942511,0.333131,-0.00198,0.942879,0.334006,-0.000989,0.94257,0.333663,-0.000839,0.942692,0.336065,-0.001361,0.941838,0.334127,-0.000978,0.942527,0.333786,-0.001087,0.942648,0.334116,-0.000982,0.942532],
    "faces":[40,8,5,2,0,1,2,0,0,0,40,6,5,7,3,1,4,1,1,1,40,11,9,8,5,6,0,2,2,2,40,27,21,19,7,8,9,3,3,3,40,10,9,11,10,6,5,4,4,4,40,4,3,5,11,12,1,5,5,5,40,11,8,2,5,0,2,6,6,6,40,3,2,5,12,2,1,7,7,7,40,12,11,13,13,5,14,8,8,8,40,8,7,5,0,4,1,9,9,9,40,15,14,13,15,16,14,10,10,10,40,2,1,0,2,17,18,11,11,11,40,17,15,13,19,15,14,12,12,12,40,2,0,30,2,18,20,13,13,13,40,17,16,15,19,21,15,14,14,14,40,0,31,30,18,22,20,15,15,15,40,19,17,13,9,19,14,16,16,16,40,19,13,11,9,14,5,17,17,17,40,19,18,17,9,23,19,18,18,18,40,30,29,27,20,24,7,19,19,19,40,28,27,29,25,7,24,20,20,20,40,22,27,24,26,7,27,21,21,21,40,20,19,21,28,9,8,22,22,22,40,22,21,27,26,8,7,23,23,23,40,27,26,24,7,29,27,24,24,24,40,25,24,26,30,27,29,25,25,25,40,30,27,19,20,7,9,26,26,26,40,24,23,22,27,31,26,27,27,27,41,2,30,19,11,2,20,9,5,28,28,28,28],
    "name":"Circle.005Geometry"
}