{
    "metadata": {
        "type": "Geometry",
        "uvs": 1,
        "vertices": 48,
        "faces": 40,
        "version": 3,
        "normals": 47,
        "generator": "io_three"
    },
    "name": "birka_spinkaGeometry",
    "uvs": [[-0.007606,0.002526,-0.075472,0.002526,-0.067086,-0.046433,-0.007606,-0.05187,0.459712,-0.05187,0.459712,0.002526,0.001052,1.00336,-0.075472,1.00336,0.450528,1.00336,-0.007585,1.05775,-0.067086,1.05232,0.459712,1.05775,-0.092603,-0.062746,-0.092496,-0.117142,-0.007606,-0.117142,-0.007606,-0.068186,0.459697,-0.073631,0.459697,-0.122582,-0.010694,1.12846,-0.095687,1.12303,-0.092496,1.07407,-0.00773,1.07951,-0.186578,1.00336,-0.109549,1.00336,-0.101123,1.06319,-0.178107,1.06863,-0.109549,0.002526,-0.186578,0.002526,-0.178107,-0.05731,-0.101123,-0.05731,0.474549,1.12846,0.459481,1.07951,1.08238,-0.046433,1.09381,0.002526,0.987145,0.002526,0.987145,-0.05187,1.08429,1.00336,0.976827,1.00336,1.08237,1.05232,0.987145,1.05775,1.10551,-0.062746,0.987145,-0.068186,0.987145,-0.117142,1.11685,-0.117142,1.12032,1.12303,1.00282,1.12846,0.987487,1.07407,1.106,1.06863,1.12851,1.06319,1.13052,1.00336,1.23305,1.00336,1.2309,1.06319,1.12835,0.002526,1.242,0.002526,1.11702,-0.05731,1.2309,-0.05731]],
    "vertices": [-149.042,804.273,3.2769,-149.042,804.273,5.0689,-148.553,802.552,4.7788,-148.486,802.324,3.2767,-148.487,802.325,-3.8496,-149.044,804.274,-3.8494,-158.664,840.054,3.2836,-158.664,840.054,5.0768,-158.666,840.056,-3.8415,-159.22,842.002,3.2837,-159.153,841.776,4.8215,-159.222,842.003,-3.8413,-148.894,802.001,5.2325,-150.564,801.569,5.2329,-150.479,801.279,3.277,-148.809,801.711,3.2767,-148.811,801.713,-3.8495,-150.48,801.281,-3.8491,-161.494,841.942,3.2842,-161.41,841.655,5.2825,-159.74,842.087,5.2821,-159.824,842.374,3.2839,-160.796,839.497,5.5956,-159.128,839.933,5.5952,-149.506,804.151,5.5874,-151.174,803.715,5.5878,-161.496,841.943,-3.8408,-159.826,842.375,-3.8411,-148.566,802.588,-12.4878,-149.046,804.275,-12.7676,-149.046,804.275,-10.9744,-148.489,802.326,-10.9746,-158.667,840.057,-12.7598,-158.667,840.057,-10.9677,-159.124,841.668,-12.4598,-159.223,842.004,-10.9675,-148.91,802.044,-12.9435,-148.812,801.714,-10.9745,-150.482,801.282,-10.9742,-150.58,801.612,-12.9432,-161.373,841.523,-12.9115,-161.497,841.944,-10.9671,-159.828,842.376,-10.9674,-159.703,841.955,-12.9119,-159.131,839.936,-13.278,-160.799,839.5,-13.2777,-149.509,804.154,-13.2859,-151.178,803.718,-13.2855],
    "faces": [41,0,1,2,3,0,1,2,3,0,1,2,3,41,0,3,4,5,0,3,4,5,0,3,4,5,41,0,6,7,1,0,6,7,1,0,6,7,1,41,6,0,5,8,6,0,5,8,6,0,5,5,41,6,9,10,7,6,9,10,7,6,8,9,7,41,6,8,11,9,6,8,11,9,6,5,10,8,41,12,13,14,15,12,13,14,15,11,12,13,14,41,16,15,14,17,16,15,14,17,15,14,13,16,41,18,19,20,21,18,19,20,21,17,18,19,20,41,22,23,20,19,22,23,24,25,21,22,19,18,41,24,23,22,25,26,23,22,27,23,22,21,24,41,24,25,13,12,26,27,28,29,23,24,12,11,41,26,18,21,27,30,18,21,31,25,17,20,26,41,28,29,30,31,32,33,34,35,27,28,29,30,41,5,4,31,30,5,4,35,34,5,4,30,29,41,29,32,33,30,33,36,37,34,28,31,32,29,41,5,30,33,8,5,34,37,8,5,29,32,5,41,34,35,33,32,38,39,37,36,33,34,32,31,41,11,8,33,35,11,8,37,39,10,5,32,34,41,36,37,38,39,40,41,42,43,35,36,37,38,41,16,17,38,37,16,17,42,41,15,16,37,36,41,40,41,42,43,44,45,46,47,39,40,41,42,41,43,44,45,40,48,49,50,51,42,43,44,39,41,44,46,47,45,49,52,53,50,43,45,46,44,41,46,36,39,47,52,54,55,53,45,35,38,46,41,26,27,42,41,30,31,46,45,25,26,41,40,41,15,3,2,12,15,3,2,12,14,3,2,11,41,24,12,2,1,26,29,2,1,23,11,2,1,41,15,16,4,3,15,16,4,3,14,15,4,3,41,21,20,10,9,21,20,10,9,20,19,9,8,41,23,7,10,20,23,7,10,24,22,7,9,19,41,21,9,11,27,21,9,11,31,20,8,10,26,41,37,36,28,31,41,40,32,35,36,35,27,30,41,46,29,28,36,52,33,32,54,45,28,27,35,41,16,37,31,4,16,41,35,4,15,36,30,4,41,34,43,42,35,38,47,46,39,33,42,41,34,41,44,43,34,32,49,48,38,36,43,42,33,31,41,27,11,35,42,31,11,39,46,26,10,34,41,41,24,1,7,23,26,1,7,23,23,1,7,22,41,44,32,29,46,49,36,33,52,43,31,28,45],
    "normals": [0.963683,0.267006,6.1e-05,0.899411,0.21601,0.379925,0.953856,-0.044801,0.296854,0.99234,-0.119327,0.031404,0.994598,-0.10358,-0.000244,0.963652,0.267129,-0.000153,0.963683,0.266976,-0.000244,0.885281,0.272988,0.376446,0.787561,0.615558,0.028748,0.794122,0.530473,0.296487,0.797021,0.6039,-6.1e-05,0.545,-0.528428,0.650899,0.176611,-0.681539,0.710135,0.249733,-0.96527,0.076357,0.614093,-0.786065,0.070162,0.620289,-0.784356,-0.000275,0.250465,-0.968108,-0.000214,-0.249763,0.965453,0.074068,-0.177404,0.685965,0.705649,0.209204,0.727256,0.653645,0.142094,0.987579,0.066866,-0.017335,0.06766,0.997528,0.365764,0.166204,0.915708,0.396619,0.034913,0.917295,0.019868,-0.075533,0.996918,-0.250496,0.968108,0.000214,0.1489,0.98883,0.000122,0.952696,-0.042085,-0.300943,0.899289,0.216529,-0.379894,0.963683,0.266976,-0.000275,0.991943,-0.121189,-0.036195,0.882015,0.279489,-0.379315,0.963713,0.266915,0.000153,0.793847,0.526322,-0.304514,0.782891,0.620502,-0.045045,0.542192,-0.521683,-0.65865,0.613178,-0.785882,-0.079623,0.249519,-0.964476,-0.086673,0.174322,-0.673818,-0.718009,-0.174078,0.671926,-0.71984,-0.248939,0.962188,-0.110385,0.139348,0.985198,-0.099582,0.208625,0.714835,-0.667409,0.360149,0.180425,-0.91525,-0.022095,0.08414,-0.996185,0.3961,0.036134,-0.917478,0.019105,-0.074221,-0.99704]
}