{
    "name": "birka_spinka.001Geometry.1",
    "metadata": {
        "faces": 40,
        "type": "Geometry",
        "generator": "io_three",
        "uvs": 1,
        "normals": 48,
        "version": 3,
        "vertices": 48
    },
    "faces": [41,0,1,2,3,0,1,2,3,0,1,2,3,41,0,3,4,5,0,3,4,5,0,3,4,5,41,0,6,7,1,0,6,7,1,0,6,7,1,41,6,0,5,8,6,0,5,8,6,0,5,8,41,6,9,10,7,6,9,10,7,6,9,10,7,41,6,8,11,9,6,8,11,9,6,8,11,9,41,12,13,14,15,12,13,14,15,12,13,14,15,41,16,15,14,17,16,15,14,17,16,15,14,17,41,18,19,20,21,18,19,20,21,18,19,20,21,41,22,23,20,19,22,23,24,25,22,23,20,19,41,24,23,22,25,26,23,22,27,24,23,22,25,41,24,25,13,12,26,27,28,29,24,25,13,12,41,26,18,21,27,30,18,21,31,26,18,21,27,41,28,29,30,31,32,33,34,35,28,29,30,31,41,5,4,31,30,5,4,35,34,5,4,31,30,41,29,32,33,30,33,36,37,34,29,32,33,30,41,5,30,33,8,5,34,37,8,5,30,33,8,41,34,35,33,32,38,39,37,36,34,35,33,32,41,11,8,33,35,11,8,37,39,11,8,33,35,41,36,37,38,39,40,41,42,43,36,37,38,39,41,16,17,38,37,16,17,42,41,16,17,38,37,41,40,41,42,43,44,45,46,47,40,41,42,43,41,43,44,45,40,48,49,50,51,43,44,45,40,41,44,46,47,45,49,52,53,50,44,46,47,45,41,46,36,39,47,52,54,55,53,46,36,39,47,41,26,27,42,41,30,31,46,45,26,27,42,41,41,15,3,2,12,15,3,2,12,15,3,2,12,41,24,12,2,1,26,29,2,1,24,12,2,1,41,15,16,4,3,15,16,4,3,15,16,4,3,41,21,20,10,9,21,20,10,9,21,20,10,9,41,23,7,10,20,23,7,10,24,23,7,10,20,41,21,9,11,27,21,9,11,31,21,9,11,27,41,37,36,28,31,41,40,32,35,37,36,28,31,41,46,29,28,36,52,33,32,54,46,29,28,36,41,16,37,31,4,16,41,35,4,16,37,31,4,41,34,43,42,35,38,47,46,39,34,43,42,35,41,44,43,34,32,49,48,38,36,44,43,34,32,41,27,11,35,42,31,11,39,46,27,11,35,42,41,24,1,7,23,26,1,7,23,24,1,7,23,41,44,32,29,46,49,36,33,52,44,32,29,46],
    "vertices": [-162.304,966.137,3.27691,-162.303,966.137,5.06891,-162.213,964.35,4.77881,-162.198,964.113,3.27671,-162.2,964.115,-3.84958,-162.305,966.139,-3.84938,-163.652,1003.17,3.28362,-163.652,1003.17,5.07682,-163.653,1003.17,-3.84148,-163.757,1005.19,3.28372,-163.742,1004.95,4.82152,-163.758,1005.19,-3.84128,-162.669,963.89,5.23252,-164.393,963.843,5.23292,-164.375,963.542,3.27702,-162.651,963.589,3.27671,-162.652,963.591,-3.84949,-164.376,963.544,-3.84909,-165.986,1005.64,3.28422,-165.968,1005.34,5.28252,-164.244,1005.39,5.28212,-164.262,1005.69,3.28392,-165.854,1003.1,5.59562,-164.13,1003.15,5.59522,-162.782,966.123,5.58742,-164.506,966.072,5.58781,-165.988,1005.64,-3.84078,-164.263,1005.69,-3.84108,-162.218,964.388,-12.4878,-162.306,966.14,-12.7676,-162.306,966.14,-10.9744,-162.201,964.116,-10.9746,-163.654,1003.17,-12.7598,-163.654,1003.17,-10.9677,-163.738,1004.84,-12.4598,-163.759,1005.19,-10.9675,-162.674,963.936,-12.9435,-162.653,963.592,-10.9745,-164.378,963.546,-10.9742,-164.398,963.889,-12.9432,-165.962,1005.2,-12.9115,-165.989,1005.64,-10.9671,-164.265,1005.69,-10.9674,-164.238,1005.25,-12.9119,-164.133,1003.15,-13.278,-165.857,1003.1,-13.2777,-162.785,966.126,-13.2859,-164.509,966.075,-13.2855],
    "uvs": [[-0.00811,-0.005296,-0.138875,-0.005583,-0.109533,-0.0289,-0.007791,-0.031275,0.50081,-0.032755,0.500459,-0.004179,-0.015571,0.997804,-0.131804,0.997549,0.492998,0.998921,-0.01589,1.02378,-0.1176,1.02356,0.492647,1.0275,-0.152992,-0.039388,-0.152704,-0.062768,-0.007376,-0.065047,-0.007663,-0.041667,0.500906,-0.04055,0.501193,-0.06393,-0.016305,1.05755,-0.161602,1.05723,-0.161282,1.03126,-0.016018,1.03417,-0.320732,0.999731,-0.189929,0.997421,-0.175789,1.02863,-0.321083,1.02831,-0.182468,-0.005679,-0.313239,-0.005966,-0.298326,-0.037109,-0.167562,-0.036821,0.492264,1.05867,0.492551,1.03529,1.12555,-0.026188,1.13979,-0.002775,1.00901,-0.003062,1.00933,-0.029041,1.13233,1.00032,1.00155,1.00004,1.11751,1.02367,1.00124,1.02602,1.15473,-0.036515,1.00946,-0.039433,1.00975,-0.062813,1.15502,-0.059895,1.16068,1.05754,1.01535,1.05982,1.00111,1.03641,1.14644,1.03413,1.17557,1.029,1.17592,1.00042,1.32119,1.00334,1.30631,1.03188,1.18338,-0.002678,1.31418,-0.004989,1.16923,-0.033884,1.31453,-0.033565]],
    "normals": [0.999023,0.043977,6.1e-05,0.924955,0.008698,0.379925,0.919462,-0.257729,0.296823,0.940245,-0.339,0.031373,0.945982,-0.324137,-0.000214,0.999023,0.04413,-0.000153,0.999023,0.043947,-0.000244,0.923948,0.067415,0.376446,0.999023,0.044099,-0.000153,0.905576,0.42317,0.028748,0.892911,0.338816,0.296487,0.912198,0.40968,-6.1e-05,0.412519,-0.637287,0.650868,0.019196,-0.703818,0.710105,0.026795,-0.996704,0.076296,0.42201,-0.903836,0.070132,0.428449,-0.903531,-0.000244,0.026856,-0.999634,-0.000214,-0.026795,0.996887,0.074038,-0.018983,0.708304,0.705618,0.367016,0.661824,0.653645,0.360027,0.93054,0.066866,-0.001709,0.069826,0.997528,0.39375,0.079897,0.915708,0.39433,-0.054933,0.917295,0.002411,-0.078066,0.996918,-0.026887,0.999634,0.000214,0.366955,0.930204,0.000122,0.918943,-0.254799,-0.300974,0.924955,0.009247,-0.379894,0.999023,0.043947,-0.000275,0.939451,-0.340678,-0.036225,0.922239,0.074465,-0.379315,0.999023,0.043886,0.000153,0.891659,0.334849,-0.304575,0.902127,0.42906,-0.045045,0.411298,-0.630055,-0.65865,0.421186,-0.903439,-0.079653,0.026704,-0.995849,-0.086673,0.018647,-0.695761,-0.718009,-0.01883,0.693869,-0.71981,-0.026673,0.9935,-0.110385,0.356822,0.928831,-0.099612,0.363689,0.64977,-0.66744,0.39143,0.095004,-0.915281,-0.002625,0.086947,-0.996185,0.394116,-0.053652,-0.917478,0.001953,-0.076601,-0.99704]
}