{
    "vertices":[115.475,374.395,-211.79,113.877,373.533,-211.602,112.342,372.704,-211.06,110.93,371.941,-210.192,109.693,371.273,-209.027,108.682,370.726,-207.609,107.933,370.319,-205.995,107.476,370.071,-204.243,107.328,369.989,-202.425,107.495,370.077,-200.609,107.971,370.332,-198.866,108.738,370.744,-197.261,109.764,371.296,-195.856,111.013,371.968,-194.706,112.434,372.735,-193.853,113.975,373.565,-193.333,115.575,374.428,-193.164,117.173,375.29,-193.354,118.708,376.119,-193.893,120.12,376.882,-194.764,121.356,377.55,-195.929,122.367,378.098,-197.347,123.116,378.503,-198.961,123.574,378.752,-200.711,123.721,378.834,-202.528,123.554,378.746,-204.344,123.078,378.491,-206.09,122.311,378.079,-207.695,121.285,377.527,-209.1,120.036,376.855,-210.25,118.615,376.089,-211.1,117.074,375.258,-211.623],
    "faces":[40,8,5,2,0,1,2,0,0,0,40,6,5,7,3,1,4,1,1,1,40,11,9,8,5,6,0,2,2,2,40,27,21,19,7,8,9,3,3,3,40,10,9,11,10,6,5,4,4,4,40,4,3,5,11,12,1,5,5,5,40,11,8,2,5,0,2,6,6,6,40,3,2,5,12,2,1,7,7,7,40,12,11,13,13,5,14,8,8,8,40,8,7,5,0,4,1,9,9,9,40,15,14,13,15,16,14,10,10,10,40,2,1,0,2,17,18,11,11,11,40,17,15,13,19,15,14,12,12,12,40,2,0,30,2,18,20,13,13,13,40,17,16,15,19,21,15,14,14,14,40,0,31,30,18,22,20,15,15,15,40,19,17,13,9,19,14,16,16,16,40,19,13,11,9,14,5,17,17,17,40,19,18,17,9,23,19,18,18,18,40,30,29,27,20,24,7,19,19,19,40,28,27,29,25,7,24,20,20,20,40,22,27,24,26,7,27,21,21,21,40,20,19,21,28,9,8,22,22,22,40,22,21,27,26,8,7,23,23,23,40,27,26,24,7,29,27,24,24,24,40,25,24,26,30,27,29,25,25,25,40,30,27,19,20,7,9,26,26,26,40,24,23,22,27,31,26,27,27,27,41,2,30,19,11,2,20,9,5,28,28,28,28],
    "uvs":[[0.465819,-0.001246,0.750116,0.064267,0.949945,0.276619,0.660319,0.023806,0.564232,0.001698,0.193159,0.102237,0.368677,0.015034,0.806883,0.89779,0.249923,0.935754,0.102251,0.8069,0.276627,0.049952,0.830343,0.121379,0.897803,0.193138,0.121421,0.169712,0.06426,0.249949,0.001693,0.435747,0.023808,0.339759,0.985003,0.368728,1.00122,0.465848,0.015046,0.631308,0.976113,0.660277,-0.001295,0.53419,0.998352,0.564276,0.049979,0.723416,0.935784,0.75008,0.878637,0.830315,0.339727,0.97617,0.534092,1.00128,0.169704,0.878638,0.723417,0.95002,0.631245,0.985014,0.435701,0.998334]],
    "normals":[0.474807,-0.001017,0.880089,0.474988,-0.000991,0.879991,0.475067,-0.001056,0.879949,0.4748,-0.000988,0.880093,0.474992,-0.00102,0.879989,0.475293,-0.000519,0.879827,0.474854,-0.000981,0.880064,0.47461,-0.001286,0.880195,0.475447,-0.001771,0.879743,0.475271,-0.00086,0.879839,0.47457,-0.000205,0.880217,0.474738,-0.00151,0.880126,0.474828,-0.000924,0.880078,0.47482,-0.001059,0.880082,0.474828,-0.000981,0.880078,0.474968,-0.001935,0.880001,0.474856,-0.001086,0.880063,0.474856,-0.001091,0.880063,0.474825,-0.001169,0.880079,0.475257,-0.001556,0.879846,0.474292,-0.000448,0.880368,0.474885,-0.001008,0.880047,0.473934,-0.00196,0.880558,0.474715,-0.000988,0.880139,0.474416,-0.000843,0.8803,0.476685,-0.001371,0.879073,0.474844,-0.000978,0.880069,0.474531,-0.001085,0.880238,0.474831,-0.000982,0.880076],
    "metadata":{
        "type":"Geometry",
        "vertices":32,
        "faces":29,
        "uvs":1,
        "version":3,
        "generator":"io_three",
        "normals":29
    },
    "name":"Circle.001Geometry"
}