{
    "vertices":[121.255,383.671,-257.294,118.656,382.747,-257.009,116.159,381.858,-256.185,113.863,381.04,-254.867,111.851,380.322,-253.097,110.207,379.735,-250.942,108.987,379.299,-248.49,108.243,379.032,-245.828,108.003,378.944,-243.067,108.274,379.037,-240.308,109.047,379.309,-237.66,110.294,379.75,-235.222,111.963,380.341,-233.087,113.994,381.061,-231.34,116.305,381.882,-230.045,118.811,382.772,-229.255,121.413,383.697,-228.997,124.012,384.622,-229.286,126.508,385.51,-230.106,128.805,386.329,-231.428,130.816,387.045,-233.198,132.461,387.633,-235.352,133.679,388.068,-237.805,134.424,388.336,-240.463,134.664,388.425,-243.224,134.393,388.332,-245.983,133.619,388.058,-248.635,132.373,387.618,-251.072,130.705,387.027,-253.208,128.674,386.307,-254.955,126.362,385.486,-256.246,123.857,384.596,-257.04],
    "faces":[40,8,5,2,0,1,2,0,0,0,40,6,5,7,3,1,4,1,1,1,40,11,9,8,5,6,0,2,2,2,40,27,21,19,7,8,9,3,3,3,40,10,9,11,10,6,5,4,4,4,40,4,3,5,11,12,1,5,5,5,40,11,8,2,5,0,2,6,6,6,40,3,2,5,12,2,1,7,7,7,40,12,11,13,13,5,14,8,8,8,40,8,7,5,0,4,1,9,9,9,40,15,14,13,15,16,14,10,10,10,40,2,1,0,2,17,18,11,11,11,40,17,15,13,19,15,14,12,12,12,40,2,0,30,2,18,20,13,13,13,40,17,16,15,19,21,15,14,14,14,40,0,31,30,18,22,20,15,15,15,40,19,17,13,9,19,14,16,16,16,40,19,13,11,9,14,5,17,17,17,40,19,18,17,9,23,19,18,18,18,40,30,29,27,20,24,7,19,19,19,40,28,27,29,25,7,24,20,20,20,40,22,27,24,26,7,27,21,21,21,40,20,19,21,28,9,8,22,22,22,40,22,21,27,26,8,7,23,23,23,40,27,26,24,7,29,27,24,24,24,40,25,24,26,30,27,29,25,25,25,40,30,27,19,20,7,9,26,26,26,40,24,23,22,27,31,26,27,27,27,41,2,30,19,11,2,20,9,5,28,28,28,28],
    "uvs":[[0.465819,-0.001246,0.750116,0.064267,0.949945,0.276619,0.660319,0.023806,0.564232,0.001698,0.193159,0.102237,0.368677,0.015034,0.806883,0.89779,0.249923,0.935754,0.102251,0.8069,0.276627,0.049952,0.830343,0.121379,0.897803,0.193138,0.121421,0.169712,0.06426,0.249949,0.001693,0.435747,0.023808,0.339759,0.985003,0.368728,1.00122,0.465848,0.015046,0.631308,0.976113,0.660277,-0.001295,0.53419,0.998352,0.564276,0.049979,0.723416,0.935784,0.75008,0.878637,0.830315,0.339727,0.97617,0.534092,1.00128,0.169704,0.878638,0.723417,0.95002,0.631245,0.985014,0.435701,0.998334]],
    "normals":[0.335041,-0.000998,0.942203,0.335072,-0.001043,0.942192,0.335321,-0.001068,0.942104,0.335019,-0.000985,0.942211,0.335308,-0.001063,0.942108,0.335564,-0.000504,0.942017,0.335062,-0.000983,0.942196,0.334805,-0.0013,0.942286,0.335731,-0.001802,0.941956,0.335537,-0.000842,0.942027,0.334802,-0.000296,0.942288,0.334981,-0.001337,0.942224,0.335044,-0.000925,0.942202,0.335035,-0.001058,0.942205,0.335043,-0.001054,0.942202,0.335167,-0.001784,0.942157,0.335072,-0.001077,0.942192,0.335072,-0.001095,0.942192,0.335002,-0.001252,0.942216,0.335474,-0.001532,0.942048,0.334536,-0.000526,0.942383,0.335114,-0.001008,0.942177,0.334016,-0.002037,0.942565,0.334902,-0.000985,0.942252,0.334625,-0.000847,0.942351,0.337074,-0.00138,0.941477,0.335051,-0.000979,0.9422,0.334675,-0.001098,0.942333,0.335046,-0.000983,0.942201],
    "metadata":{
        "type":"Geometry",
        "vertices":32,
        "faces":29,
        "uvs":1,
        "version":3,
        "generator":"io_three",
        "normals":29
    },
    "name":"CircleGeometry"
}