{
    "uvs": [[3.85404,-4.50098,3.85395,-4.50817,3.86474,-4.50822,3.86483,-4.50102,3.79996,-4.50793,3.80005,-4.50074,3.6687,-4.50016,3.6686,-4.50735,0.014024,1.02603,0.055389,1.07995,-0.007061,1.07984,-0.027641,1.03314,2.95424,-4.5042,2.95433,-4.497,2.92554,-4.49688,2.92544,-4.50408,3.81265,-4.50079,3.81256,-4.50799,3.84135,-4.50812,3.84144,-4.50092,-0.079524,1.00074,-0.131556,1.00066,-0.130274,0.461328,-0.078243,0.461417,-0.131681,1.02578,-0.07965,1.02587,-0.069238,1.02589,-0.131947,1.07963,-0.069504,1.07974,0.128508,1.02623,0.128242,1.08008,0.760057,-4.5485,0.760149,-4.54131,0.751153,-4.54127,0.751061,-4.54847,0.729467,-4.54837,0.72956,-4.54117,0.594603,-4.54058,0.594511,-4.54777,0.742155,-4.54123,0.742063,-4.54843,2.96683,-4.50426,2.96692,-4.49706,1.02368,1.00263,1.09653,1.00276,1.09641,1.02789,1.02356,1.02776,0.772653,-4.54856,0.772745,-4.54136,0.74204,-4.55023,0.760034,-4.5503,0.751038,-4.55026,0.729444,-4.55017,0.77263,-4.55036,3.87563,-4.50107,3.87554,-4.50827,3.88993,-4.50833,3.89003,-4.50113,3.09999,-4.50485,3.10008,-4.49765,1.02496,0.463305,1.09781,0.46343,0.913008,-4.54918,0.9131,-4.54198,3.48156,-4.49933,3.47076,-4.49929,3.47067,-4.50648,3.48147,-4.50653,3.53545,-4.50677,3.53554,-4.49957,0.016838,-0.028968,-0.024754,-0.036218,-0.003713,-0.08285,0.058737,-0.082743,3.24394,-4.50548,3.27453,-4.50562,3.27462,-4.49842,3.24403,-4.49828,3.52294,-4.49951,3.49415,-4.49939,3.49406,-4.50659,3.52285,-4.50671,-0.076959,-0.004,-0.128991,-0.004089,-0.066424,-0.02911,-0.076835,-0.029128,-0.128867,-0.029217,-0.128599,-0.083064,-0.066156,-0.082957,0.13159,-0.082618,0.131322,-0.028772,0.430764,-4.54705,0.437962,-4.54708,0.438054,-4.53989,0.430856,-4.53985,0.459555,-4.54718,0.459647,-4.53998,0.446959,-4.54712,0.447052,-4.53993,3.23135,-4.50543,3.23144,-4.49823,1.09922,-0.027115,1.0991,-0.001987,1.02625,-0.002112,1.02637,-0.02724,1.05159,-4.54799,1.06598,-4.54806,1.06607,-4.54086,1.05168,-4.5408,0.428965,-4.54704,1.05156,-4.54979,1.06596,-4.54985,3.44728,-4.50638,3.45987,-4.50643,3.45996,-4.49924,3.44737,-4.49918,3.84315,-4.50812,3.27273,-4.50561,3.49226,-4.50658,3.28713,-4.50567,3.28893,-4.50568,1.09614,1.08173,1.02329,1.08161,0.128634,1.0011,4.04838,-4.50183,4.04828,-4.50903,4.06088,-4.50909,4.06097,-4.50189,0.129915,0.461773,1.02664,-0.081087,1.09949,-0.080962,0.131198,-0.003643,3.28722,-4.49848,4.04648,-4.50902,0.014149,1.0009,0.015431,0.461577,0.016714,-0.00384]],
    "metadata": {
        "version": 3,
        "uvs": 1,
        "generator": "io_three",
        "vertices": 122,
        "normals": 118,
        "faces": 108,
        "type": "Geometry"
    },
    "name": "birka_sidenieGeometry",
    "normals": [-0.999298,0.003693,-0.036561,-0.910733,0.060152,-0.408521,-0.910916,0.051973,-0.409284,-0.999268,-0.002533,-0.037507,0.007569,0.971648,-0.236274,-0.006561,0.989715,0.142705,-0.006531,0.989715,0.142705,0.007599,0.971618,-0.236305,0.34904,0.344615,-0.871426,-0.358928,0.129246,-0.924345,-0.359966,0.130558,-0.923765,0.300668,0.139103,-0.94351,0.016755,-0.860103,-0.509842,0.003967,-0.989746,-0.142705,-0.702628,-0.700095,-0.12711,-0.63448,-0.588122,-0.50148,-0.009095,0.989715,0.142582,0.004242,0.971404,-0.237312,-0.640095,0.703421,-0.308908,-0.710837,0.699362,0.074618,0.036592,-0.225654,-0.97351,0.030732,0.538163,-0.84225,0.030732,0.538102,-0.84228,0.036592,-0.225745,-0.973479,0.026948,0.537217,-0.842982,0.137028,-0.124241,-0.982727,0.353679,-0.067629,-0.93289,-0.278115,0.441511,-0.853023,-0.361217,0.139714,-0.921934,0.129917,0.42024,-0.898038,0.030763,0.141057,-0.989502,-0.357341,0.129521,-0.924924,0.505448,-0.687735,-0.521043,0.526719,-0.843837,-0.102237,0.999268,0.00412,0.03769,0.918363,0.065523,-0.39024,0.007965,0.969054,-0.24662,-0.006531,0.989715,0.142735,0.007965,0.969054,-0.24659,0.513047,0.846614,0.141301,0.493698,0.814966,-0.303385,0.020081,-0.860134,-0.509629,0.006531,-0.989746,-0.142582,0.036714,0.140385,-0.98941,0.036409,-0.248695,-0.967864,0.033021,-0.249092,-0.967895,0.032929,0.140751,-0.989471,0.020112,-0.859645,-0.510453,0.006561,-0.989746,-0.142613,0.031404,0.510056,-0.859554,0.031434,0.510056,-0.859523,-0.999268,-0.002167,-0.037416,-0.910733,0.052065,-0.40968,-0.910611,0.052156,-0.409894,-0.999298,-0.001801,-0.037355,0.006531,-0.989715,-0.142674,0.036409,-0.248756,-0.967864,0.020112,-0.859676,-0.510392,0.006531,-0.989746,-0.142613,0.999237,0.006165,0.037996,0.999298,-6.1e-05,0.03708,0.938749,0.054262,-0.340251,0.938505,0.062441,-0.339518,0.007599,0.971648,-0.236183,-0.006531,0.989746,0.142613,-0.283944,0.343638,-0.895138,-0.229835,0.138585,-0.963286,0.427473,0.131535,-0.894375,0.426435,0.130222,-0.895077,0.023408,-0.860042,-0.509659,0.671377,-0.586566,-0.452925,0.711936,-0.698264,-0.074404,0.009125,-0.989746,-0.142491,-0.003967,0.989746,0.142705,0.70159,0.701102,0.127293,0.659536,0.705069,-0.260506,0.010987,0.971404,-0.237098,0.036592,-0.225776,-0.973479,0.030732,0.538255,-0.842189,-0.282815,-0.068422,-0.956694,-0.063021,-0.124638,-0.990173,0.034547,0.537217,-0.842708,0.339824,0.442091,-0.830073,0.428571,0.14069,-0.892453,0.424848,0.130528,-0.895779,0.042665,0.141057,-0.989074,-0.063692,0.419996,-0.905271,-0.463363,-0.689047,-0.557176,-0.886837,0.063143,-0.457717,-0.999298,0.001617,-0.036836,-0.515549,-0.845149,-0.141057,0.007965,0.969024,-0.246712,-0.006561,0.989746,0.142674,-0.471725,0.813746,-0.339457,-0.524277,0.845332,0.102573,0.020081,-0.860073,-0.50972,0.006561,-0.989746,-0.142674,0.039796,-0.24897,-0.967681,0.036409,-0.248665,-0.967895,0.036744,0.140385,-0.98941,0.040529,0.140751,-0.989196,0.020081,-0.859737,-0.51033,0.006531,-0.989746,-0.142552,0.031404,0.509995,-0.859584,0.938444,0.054476,-0.341014,0.938597,0.054353,-0.340678,0.999298,0.000305,0.037141,0.999298,0.000702,0.037202,-0.270425,-0.169988,-0.9476,0.340587,-0.169103,-0.924863,0.938231,0.054567,-0.341655,0.422437,0.130558,-0.896908,-0.35493,0.129582,-0.92584,0.036714,0.140812,-0.989349,-0.999298,-0.00177,-0.037324,-0.910367,0.052248,-0.410413,0.036714,0.140843,-0.989349,0.999298,0.000671,0.037172],