{
    "vertices":[-127.553,909.643,8.0775,-127.541,909.342,6.1217,-127.617,911.88,6.1219,-127.617,911.88,8.4323,-127.542,909.344,-1.0045,-127.618,911.881,-1.0043,-128.264,946.735,6.12651,-128.264,946.735,8.43781,-127.508,914.22,8.4338,-127.508,914.22,6.1231,-128.266,946.736,-0.998893,-127.509,914.221,-1.0028,-128.149,948.929,8.43921,-128.15,948.929,6.12771,-128.225,951.465,6.12781,-128.214,951.166,8.12611,-128.151,948.93,-0.997392,-128.227,951.466,-0.997192,-129.745,909.332,6.1222,-128.169,909.339,6.1219,-128.181,909.641,8.0777,-129.756,909.633,8.0781,-129.746,909.333,-1.0039,-128.171,909.341,-1.0043,-130.417,951.156,8.12661,-128.842,951.163,8.12621,-128.853,951.461,6.12801,-130.429,951.454,6.12831,-130.353,948.912,8.43981,-128.777,948.924,8.43941,-129.711,914.204,8.4344,-128.136,914.215,8.43401,-128.892,946.73,8.43791,-130.468,946.719,8.43831,-128.245,911.875,8.43251,-129.82,911.863,8.4329,-128.855,951.463,-0.996992,-130.431,951.455,-0.996592,-127.557,909.689,-10.0985,-127.62,911.883,-10.4409,-127.62,911.883,-8.1294,-127.544,909.345,-8.1295,-128.267,946.738,-10.4355,-128.267,946.738,-8.12479,-127.511,914.223,-8.1281,-127.511,914.223,-10.4395,-128.153,948.932,-10.434,-128.211,951.029,-10.0679,-128.228,951.468,-8.12339,-128.152,948.932,-8.12359,-128.186,909.686,-10.0984,-128.172,909.342,-8.1294,-129.748,909.334,-8.1291,-129.761,909.679,-10.098,-128.856,951.465,-8.12329,-128.839,951.026,-10.0678,-130.415,951.018,-10.0674,-130.432,951.457,-8.12299,-128.781,948.927,-10.4339,-130.356,948.915,-10.4335,-128.139,914.218,-10.4393,-128.895,946.733,-10.4353,-128.248,911.878,-10.4408,-129.823,911.866,-10.4404,-130.471,946.721,-10.4349,-129.714,914.207,-10.4389],
    "uvs":[[1.12624,1.06378,0.996938,1.06622,0.997118,1.0354,1.15514,1.03556,0.494163,1.06569,0.494343,1.03487,0.999709,-0.003391,1.15774,-0.005794,1.15532,1.00474,0.997299,1.00458,0.496934,-0.003918,0.494524,1.00405,1.15789,-0.031478,0.999875,-0.031644,1.00006,-0.062463,1.12933,-0.059758,0.4971,-0.032171,0.497296,-0.065559,0.996772,1.09447,0.996893,1.07392,1.14057,1.0715,1.14043,1.09462,0.493982,1.09651,0.494103,1.07596,1.14388,-0.090564,1.14376,-0.070017,1.0001,-0.070167,1.00024,-0.093283,1.31592,-0.03388,1.201,-0.031433,1.18681,-0.062267,1.30172,-0.062146,1.31333,1.00491,1.19842,1.00479,1.21521,-0.005734,1.33014,-0.005613,1.31298,1.06398,1.18371,1.06384,1.19824,1.03561,1.32753,1.03574,0.497341,-0.073263,0.497461,-0.09381,-0.137889,1.06246,-0.166462,1.03418,-0.008438,1.03434,-0.008619,1.06516,-0.163856,-0.00718,-0.005847,-0.004445,-0.008257,1.00352,-0.166281,1.00336,-0.14934,-0.032849,-0.134816,-0.058517,-0.005501,-0.063517,0.00867,-0.032683,-0.152307,1.07015,-0.008664,1.07287,-0.008784,1.09341,-0.152443,1.09326,-0.005456,-0.071222,-0.134756,-0.06879,-0.149008,-0.08935,-0.005335,-0.091768,-0.192264,-0.061144,-0.19243,-0.032894,-0.3217,-0.035597,-0.307198,-0.061265,-0.195006,1.00333,-0.221298,-0.00724,-0.209552,1.03413,-0.195352,1.0624,-0.310286,1.06228,-0.324471,1.03401,-0.336231,-0.00736,-0.309939,1.00321]],
    "metadata":{
        "type":"Geometry",
        "generator":"io_three",
        "uvs":1,
        "version":3,
        "vertices":66,
        "faces":56,
        "normals":58
    },
    "faces":[41,0,1,2,3,0,1,2,3,0,1,2,3,41,4,5,2,1,4,5,2,1,4,5,2,1,41,6,7,8,9,6,7,8,9,6,7,8,9,41,10,6,9,11,10,6,9,11,10,6,9,11,41,12,13,14,15,12,13,14,15,12,13,14,15,41,16,17,14,13,16,17,14,13,16,17,14,13,41,18,19,20,21,18,19,20,21,18,19,20,21,41,22,23,19,18,22,23,19,18,22,22,19,18,41,24,25,26,27,24,25,26,27,23,24,25,26,41,28,29,25,24,28,29,30,31,27,28,24,23,41,30,31,32,33,32,33,34,35,29,29,30,30,41,21,20,34,35,36,37,38,39,21,20,31,32,41,27,26,36,37,27,26,40,41,26,25,33,34,41,38,39,40,41,42,43,44,45,35,36,37,38,41,4,41,40,5,4,45,44,5,4,38,37,5,41,42,43,44,45,46,47,48,49,39,6,9,40,41,43,10,11,44,47,10,11,48,6,10,11,9,41,46,47,48,49,50,51,52,53,41,42,43,44,41,16,49,48,17,16,53,52,17,16,44,43,17,41,50,51,52,53,54,55,56,57,45,46,47,48,41,51,23,22,52,55,23,22,56,46,22,22,47,41,54,55,56,57,58,59,60,61,49,50,51,52,41,55,58,59,56,62,63,64,65,50,53,54,51,41,45,60,61,42,49,66,67,46,40,55,55,39,41,62,50,53,63,68,69,70,71,56,45,48,57,41,36,54,57,37,40,58,61,41,33,49,52,34,41,13,12,7,6,13,12,7,6,13,12,7,6,41,3,2,9,8,3,2,9,8,3,2,9,8,41,16,13,6,10,16,13,6,10,16,13,6,10,41,2,5,11,9,2,5,11,9,2,5,11,9,41,35,34,31,30,39,38,33,32,32,31,29,29,41,12,29,32,7,12,29,34,7,12,28,30,7,41,46,49,43,42,50,53,47,46,41,44,6,39,41,40,39,45,44,44,43,49,48,37,36,40,9,41,49,16,10,43,53,16,10,47,44,16,10,6,41,5,40,44,11,5,44,48,11,5,37,9,11,41,39,62,60,45,43,68,66,49,36,56,55,40,41,59,58,61,64,64,63,67,72,54,53,55,55,41,1,0,20,19,1,0,20,19,1,0,20,19,41,4,1,19,23,4,1,19,23,4,1,19,22,41,15,14,26,25,15,14,26,25,15,14,25,24,41,29,12,15,25,29,12,15,30,28,12,15,24,41,8,7,32,31,8,7,34,33,8,7,30,29,41,20,0,3,34,37,0,3,38,20,0,3,31,41,14,17,36,26,14,17,40,26,14,17,33,25,41,38,41,51,50,42,45,55,54,35,38,46,45,41,41,4,23,51,45,4,23,55,38,4,22,46,41,48,47,55,54,52,51,59,58,43,42,50,49,41,47,46,58,55,51,50,63,62,42,41,53,50,41,65,64,61,60,73,72,67,66,55,55,55,55,41,39,38,50,62,43,42,69,68,36,35,45,56,41,17,48,54,36,17,52,58,40,17,43,49,33,41,3,8,31,34,3,8,33,38,3,8,29,31,41,28,33,32,29,28,35,34,29,27,30,30,28,41,63,65,60,62,71,73,66,68,57,55,55,56,41,46,42,61,58,50,46,67,63,41,39,55,53],
    "name":"shibzdikGeometry",
    "normals":[0.605304,-0.559008,0.566637,0.702811,-0.709159,0.055818,0.999939,-0.008454,0,0.68099,-0.064364,0.729423,0.71926,-0.694693,-0.000275,0.999939,-0.008332,-0.000183,0.999878,-0.014466,-0.000122,0.698477,-0.010407,0.715506,0.714805,-0.008576,0.69924,0.999908,-0.011628,-0.000122,0.999878,-0.014466,-0.000183,0.999908,-0.011628,-0.000183,0.701071,0.040559,0.711905,0.999908,-0.011322,-0.000275,0.678152,0.732994,0.052767,0.584124,0.576281,0.57152,0.999908,-0.01117,-0.000183,0.694723,0.71923,0,0.004852,-0.99704,0.076357,0.004852,-0.99707,0.076235,0.003754,-0.708701,0.705466,0.003723,-0.704031,0.710135,0.004852,-0.999969,-0.000183,-0.003357,0.708579,0.705588,-0.003357,0.703787,0.710379,-0.004822,0.997223,0.07416,-0.004822,0.997223,0.074038,-0.000153,0.068178,0.99765,-0.000153,0.069033,0.997589,0.000244,-0.000366,0.999969,0.000244,-0.000397,0.999969,0.000763,-0.078951,0.996857,0.000732,-0.079867,0.996796,-0.004822,0.999969,0.000214,-0.004852,0.999969,0.000214,0.606037,-0.551897,-0.572771,0.680868,-0.063021,-0.729667,0.999939,-0.008515,-0.000305,0.700674,-0.710593,-0.063692,0.698141,-0.009827,-0.715873,0.714682,-0.008057,-0.699393,0.69747,0.053133,-0.714621,0.591601,0.561449,-0.578539,0.670156,0.737877,-0.079928,0.999908,-0.011414,9.2e-05,0.003388,-0.700674,-0.713431,0.004822,-0.996216,-0.086489,0.004822,-0.996216,-0.086642,0.003296,-0.696005,-0.717978,-0.004822,0.993835,-0.110691,-0.003632,0.689352,-0.724387,-0.003693,0.694052,-0.719901,-0.004852,0.993866,-0.110446,-0.000763,0.08652,-0.996246,-0.000763,0.085421,-0.996338,-0.000244,0.000366,-0.999969,0.000244,-0.07709,-0.997009,0.000214,-0.077975,-0.996948]
}