{
    "metadata": {
        "type": "Geometry",
        "uvs": 1,
        "vertices": 48,
        "faces": 40,
        "version": 3,
        "normals": 47,
        "generator": "io_three"
    },
    "name": "birka_spinkaGeometry.1",
    "uvs": [[-0.011495,-0.001786,-0.05681,-0.001773,-0.051216,-0.047088,-0.011576,-0.052769,0.509006,-0.052917,0.509087,-0.001933,-0.009908,1.00078,-0.055223,1.0008,0.510674,1.00064,-0.009818,1.05743,-0.049477,1.05177,0.510763,1.05728,-0.062582,-0.069743,-0.068325,-0.120721,-0.011683,-0.120738,-0.011612,-0.075419,0.50897,-0.075566,0.508889,-0.126547,-0.009711,1.1254,-0.066361,1.11975,-0.06078,1.06877,-0.009791,1.07442,-0.123195,1.00082,-0.07788,1.0008,-0.072116,1.06311,-0.123096,1.06312,-0.079467,-0.001767,-0.130443,-0.001752,-0.12488,-0.064061,-0.073891,-0.058413,0.510871,1.12525,0.51079,1.07427,1.04759,-0.047399,1.05899,-0.002089,1.00801,-0.002074,1.00793,-0.053058,1.06058,1.00048,1.0096,1.00049,1.05498,1.04579,1.00968,1.05714,1.06454,-0.070062,1.00789,-0.075707,1.00782,-0.121026,1.06446,-0.121042,1.06642,1.11943,1.01546,1.12511,1.00971,1.07413,1.06634,1.06845,1.07199,1.05712,1.07756,1.00048,1.12854,1.00046,1.12298,1.06277,1.07598,-0.002094,1.12696,-0.002108,1.07022,-0.058737,1.12119,-0.064413]],
    "vertices": [-135.141,917.644,7.35061,-135.141,917.644,9.14271,-134.817,915.885,8.85261,-134.771,915.651,7.35051,-134.773,915.653,0.224209,-135.142,917.646,0.224409,-141.331,954.176,7.35731,-141.331,954.176,9.15051,-141.333,954.178,0.232314,-141.7,956.167,7.35751,-141.655,955.936,8.89531,-141.702,956.168,0.232414,-135.209,915.368,9.30631,-136.912,915.096,9.30671,-136.854,914.8,7.35081,-135.151,915.072,7.35051,-135.153,915.074,0.224309,-136.856,914.802,0.224609,-143.97,956.323,7.35791,-143.913,956.03,9.35632,-142.209,956.302,9.35591,-142.267,956.595,7.35761,-143.506,953.823,9.66941,-141.804,954.099,9.66901,-135.614,917.567,9.66111,-137.316,917.291,9.66151,-143.971,956.324,0.233014,-142.268,956.596,0.232614,-134.826,915.922,-8.41409,-135.144,917.647,-8.69389,-135.144,917.647,-6.90059,-134.774,915.654,-6.90079,-141.334,954.179,-8.68599,-141.334,954.179,-6.89389,-141.636,955.826,-8.38609,-141.703,956.17,-6.89379,-135.22,915.413,-8.86979,-135.154,915.075,-6.90079,-136.857,914.803,-6.90049,-136.923,915.141,-8.86939,-143.889,955.895,-8.83779,-143.973,956.326,-6.89329,-142.27,956.598,-6.89359,-142.186,956.167,-8.83808,-141.807,954.102,-9.20429,-143.509,953.826,-9.20389,-135.617,917.57,-9.21209,-137.319,917.294,-9.21169],
    "faces": [41,0,1,2,3,0,1,2,3,0,1,2,3,41,0,3,4,5,0,3,4,5,0,3,4,5,41,0,6,7,1,0,6,7,1,0,6,7,1,41,6,0,5,8,6,0,5,8,6,0,5,5,41,6,9,10,7,6,9,10,7,6,8,9,7,41,6,8,11,9,6,8,11,9,6,5,10,8,41,12,13,14,15,12,13,14,15,11,12,13,14,41,16,15,14,17,16,15,14,17,15,14,13,16,41,18,19,20,21,18,19,20,21,17,18,19,20,41,22,23,20,19,22,23,24,25,21,22,19,18,41,24,23,22,25,26,23,22,27,23,22,21,24,41,24,25,13,12,26,27,28,29,23,24,12,11,41,26,18,21,27,30,18,21,31,25,17,20,26,41,28,29,30,31,32,33,34,35,27,28,29,30,41,5,4,31,30,5,4,35,34,5,4,30,29,41,29,32,33,30,33,36,37,34,28,31,32,29,41,5,30,33,8,5,34,37,8,5,29,32,5,41,34,35,33,32,38,39,37,36,33,34,32,31,41,11,8,33,35,11,8,37,39,10,5,32,34,41,36,37,38,39,40,41,42,43,35,36,37,38,41,16,17,38,37,16,17,42,41,15,16,37,36,41,40,41,42,43,44,45,46,47,39,40,41,42,41,43,44,45,40,48,49,50,51,42,43,44,39,41,44,46,47,45,49,52,53,50,43,45,46,44,41,46,36,39,47,52,54,55,53,45,35,38,46,41,26,27,42,41,30,31,46,45,25,26,41,40,41,15,3,2,12,15,3,2,12,14,3,2,11,41,24,12,2,1,26,29,2,1,23,11,2,1,41,15,16,4,3,15,16,4,3,14,15,4,3,41,21,20,10,9,21,20,10,9,20,19,9,8,41,23,7,10,20,23,7,10,24,22,7,9,19,41,21,9,11,27,21,9,11,31,20,8,10,26,41,37,36,28,31,41,40,32,35,36,35,27,30,41,46,29,28,36,52,33,32,54,45,28,27,35,41,16,37,31,4,16,41,35,4,15,36,30,4,41,34,43,42,35,38,47,46,39,33,42,41,34,41,44,43,34,32,49,48,38,36,43,42,33,31,41,27,11,35,42,31,11,39,46,26,10,34,41,41,24,1,7,23,26,1,7,23,23,1,7,22,41,44,32,29,46,49,36,33,52,43,31,28,45],
    "normals": [0.984619,0.174535,6.1e-05,0.91583,0.129887,0.379925,0.945311,-0.134953,0.296854,0.976562,-0.212775,0.031404,0.980316,-0.197302,-0.000214,0.984619,0.174688,-0.000153,0.984619,0.174535,-0.000244,0.907163,0.187933,0.376446,0.84228,0.538224,0.028718,0.840785,0.452895,0.296457,0.850642,0.525712,-6.1e-05,0.492508,-0.577624,0.650929,0.111301,-0.695181,0.710135,0.157262,-0.984588,0.076357,0.536912,-0.840693,0.070162,0.543199,-0.839564,-0.000275,0.157689,-0.987457,-0.000214,-0.157201,0.984771,0.074038,-0.111637,0.699698,0.705618,0.277139,0.704215,0.653615,0.234993,0.969665,0.066836,-0.010865,0.069002,0.997528,0.379894,0.130802,0.915708,0.398114,-0.002747,0.917295,0.012635,-0.077059,0.996918,-0.157628,0.987487,0.000214,0.24189,0.970275,0.000122,0.944426,-0.132115,-0.300974,0.915769,0.130436,-0.379925,0.984649,0.174505,-0.000275,0.976012,-0.214576,-0.036225,0.904538,0.194708,-0.379315,0.984649,0.174474,0.000153,0.840083,0.448836,-0.304544,0.83813,0.543565,-0.045045,0.490341,-0.570696,-0.65865,0.535997,-0.840449,-0.079623,0.157018,-0.983764,-0.086642,0.109653,-0.687307,-0.718009,-0.109622,0.685415,-0.71984,-0.156652,0.981445,-0.110355,0.232032,0.967559,-0.099582,0.275369,0.691855,-0.667409,0.375561,0.145482,-0.915281,-0.014039,0.085879,-0.996185,0.397687,-0.001495,-0.917508,0.011933,-0.075686,-0.99704]
}