{
    "uvs": [[0.007639,1.04968,0.007765,1.05944,-0.020581,1.05631,-0.011265,1.04651,0.036066,1.05932,0.035941,1.04955,-0.087282,1.00454,-0.090629,0.575451,-0.071763,0.57567,-0.05898,1.00442,0.064242,1.04943,0.04479,1.00396,0.054183,1.00066,0.092546,1.0493,0.025962,1.0073,1.08254,1.00261,1.05482,1.04829,1.03588,1.04186,1.05424,1.00273,-0.049085,1.04017,-0.067913,1.04351,-0.002465,0.997658,-0.015157,0.575195,-0.002381,1.00417,0.130318,1.05239,0.573075,1.00161,0.573703,1.05042,0.025878,1.00079,0.016485,1.00408,-0.002423,1.00091,0.025836,0.997533,0.02592,1.00404,0.007598,1.04642,0.007095,1.00738,0.035355,1.004,0.054141,0.997407,0.569727,0.572623,1.01312,0.568267,1.0165,1.0029,0.031966,0.565953,0.060267,0.565828,0.016402,0.997575,0.013138,0.574509,0.12089,1.05243,0.121015,1.0622,0.092714,1.06232,0.092588,1.05256,0.573828,1.06019,0.064284,1.05268,0.064368,1.05919,-0.039567,1.04663,-0.04896,1.04993,1.05085,0.568099,1.07915,0.56797,0.009037,-0.065235,0.018597,-0.054857,-0.009704,-0.054731,-0.019216,-0.061674,0.037342,-0.065362,0.04686,-0.058491,-0.056282,-0.002114,-0.075194,-0.006126,0.056919,-0.00246,0.047446,-0.006368,0.065768,-0.055075,0.103504,-0.055314,0.046902,-0.054982,0.028576,-0.006291,1.03752,-0.053127,1.05631,-0.060118,1.08519,-0.009033,1.05689,-0.008913,-0.066219,-0.047465,-0.047308,-0.043886,0.000359,0.001772,0.000317,-0.002209,0.13176,-0.059019,0.057003,0.005535,0.575149,-0.061239,0.575776,-0.006136,0.019183,-0.002286,0.028618,-0.002334,0.028702,0.00566,0.056961,0.001521,0.019141,-0.006243,-0.009662,-0.051192,0.047488,-0.002411,0.038095,0.001605,0.038137,0.005618,0.02866,0.001646,0.103462,-0.058812,0.093899,-0.06904,0.131635,-0.069259,0.575065,-0.068006,0.065601,-0.068893,0.065726,-0.058583,-0.037963,-0.051089,-0.047475,-0.058104,1.01916,-0.008746,-0.058353,1.05323,-0.077345,1.04355,-0.030013,1.05636,1.09197,1.00257,1.07361,1.0417,1.06425,1.04825,-0.039608,1.04338,1.08858,0.567892,1.01709,1.04846,0.036108,1.06257,0.064409,1.06245,0.0373,-0.068764,-0.019258,-0.065111,-0.084625,-0.006176,1.07526,-0.053293,1.09463,-0.009081,1.06575,-0.06016,1.02793,-0.066762,0.575023,-0.071334,-0.028532,-0.051118,1.01858,-0.059951,1.02661,1.05492]],
    "metadata": {
        "version": 3,
        "uvs": 1,
        "generator": "io_three",
        "vertices": 183,
        "normals": 183,
        "faces": 160,
        "type": "Geometry"
    },
    "name": "birka_sidenie.002Geometry",
    "normals": [-0.968719,0.086734,-0.232398,-0.996277,-0.085818,-0.002899,-0.996612,-0.082064,0.000977,-0.968902,0.091464,-0.229774,-0.968657,0.085177,-0.233283,-0.996185,-0.087039,-0.004212,-0.117252,0.707724,0.696677,-0.084292,0.706931,0.7022,-0.056856,0.878872,0.473586,-0.090121,0.877651,0.470717,-0.523911,0.476272,-0.706137,0.530442,0.684347,-0.500229,0.413404,0.747368,-0.520066,-0.525986,0.479598,-0.702322,-0.523911,0.476241,-0.706168,0.606891,0.508225,-0.611011,0.016938,-0.880306,-0.474044,-0.450179,-0.787988,-0.419935,-0.415845,-0.5721,-0.7069,0.045198,-0.703299,-0.709403,-0.499008,0.79751,0.338969,-0.529527,0.60625,0.59331,0.167302,0.220161,-0.960997,0.007752,0.966887,-0.255043,0.031281,0.964812,-0.261055,0.117832,0.149236,-0.98175,-0.256294,0.929991,-0.263375,0.40556,0.342875,-0.847285,0.185369,0.759911,-0.623005,-0.526475,0.477554,-0.70336,0.083834,0.597797,-0.797235,-0.524949,0.475509,-0.705893,0.882565,-0.469985,0.012665,0.922056,-0.222297,-0.316813,0.503555,-0.518876,-0.690786,0.413465,-0.902341,-0.121616,0.996582,0.08182,0.010559,0.970672,-0.080264,0.226539,-0.524277,0.477859,-0.704794,0.561663,0.34489,-0.752037,-0.524308,0.484146,-0.700491,0.818873,0.225837,0.527635,0.858272,0.473006,0.198889,0.293222,0.422437,0.857631,0.33195,0.900449,0.280953,0.095553,0.598071,-0.795679,0.09772,0.571734,-0.81457,0.087527,0.576586,-0.812311,-0.094211,0.612598,0.784722,-0.04474,0.92645,0.373699,0.274117,-0.91464,0.297037,0.552599,-0.797784,0.241066,0.098086,-0.994812,0.026826,0.474075,0.065554,0.878018,0.190466,0.012635,0.981597,-0.014893,0.271554,0.962279,0.769524,0.065767,0.635182,0.932707,-0.156652,0.324747,0.043123,-0.93231,-0.35905,0.011689,-0.995178,-0.097079,0.04651,0.921354,-0.385907,0.823756,-0.533128,0.192755,-0.968535,0.08594,-0.233467,-0.996155,-0.087252,-0.003265,-0.996185,-0.086947,-0.003937,-0.968657,0.085452,-0.233131,-0.968078,0.087191,-0.234931,-0.996063,-0.088351,-0.001587,-0.968657,0.085238,-0.233222,-0.996185,-0.087008,-0.00412,-0.927061,0.373516,-0.031465,-0.95764,0.181982,0.223029,0.084445,-0.705893,-0.703238,0.056703,-0.879727,-0.47206,0.091342,-0.031678,-0.9953,0.119114,-0.03003,-0.992401,0.094302,-0.611438,-0.785607,-0.110263,0.379162,0.918729,0.968688,-0.085757,0.232917,0.996216,0.086764,0.003571,0.995758,0.091617,0.006043,0.968108,-0.081912,0.236702,0.968841,-0.087069,0.231727,0.996338,0.085177,0.002655,-0.023927,0.877529,0.478896,-0.050996,0.707663,0.704672,-0.227638,0.767327,-0.599445,-0.397137,0.684378,-0.611438,0.676199,0.476302,-0.561998,0.67571,0.475265,-0.563433,0.67626,0.476241,-0.561968,-0.445051,0.508133,-0.737327,0.571337,-0.571947,-0.588549,0.53679,-0.787988,-0.301462,0.095737,-0.880428,-0.4644,0.124027,-0.703177,-0.700064,0.374004,0.606281,0.701773,0.404584,0.797479,0.447523,0.064791,0.220405,-0.973235,0.052705,0.966948,-0.249428,0.311289,0.930052,-0.195105,-0.193518,0.342936,-0.919187,0.676351,0.475539,-0.562456,0.008637,0.884243,-0.466903,0.676565,0.475936,-0.561846,0.106632,0.598071,-0.794275,-0.820978,-0.222327,-0.525834,-0.860439,-0.470016,-0.196661,-0.372936,-0.902371,-0.215918,-0.325663,-0.518693,-0.79046,-0.970794,0.08182,-0.225471,-0.996704,-0.080416,-0.009674,-0.488083,0.422315,0.763787,-0.446028,0.863216,0.236366,-0.367779,0.344829,-0.863582,0.676229,0.477859,-0.560625,0.675069,0.484329,-0.556475,-0.881039,0.472884,-0.009705,-0.92056,0.225715,0.318766,-0.593921,-0.797845,0.103214,-0.33665,-0.914609,0.223823,-0.101627,-0.994812,0.003265,-0.213446,0.271401,0.938475,-0.417829,0.012574,0.908414,-0.668538,0.065462,0.740776,-0.898007,0.065523,0.435041,-0.983062,-0.156835,0.094668,-0.845912,-0.53325,-0.007935,0.996338,0.085421,0.002869,0.96881,-0.086947,0.232002,0.968657,-0.087069,0.232521,0.996277,0.086001,0.002411,0.9682,-0.088168,0.234016,0.996185,0.087191,0.000824,0.968841,-0.0871,0.231849,0.996338,0.085238,0.002716,0.90817,0.373577,0.188757,0.877651,0.182165,0.443281,0.146764,-0.031587,-0.988647,0.107089,0.576617,-0.809931,-0.93646,0.064028,0.344829,-0.489456,0.491836,0.720054,-0.979003,-0.166326,0.117679,-0.051698,-0.978698,0.198553,-0.091983,-0.716636,0.691305,-0.101138,-0.71221,0.694632,-0.395306,-0.912015,-0.109012,-0.126743,0.599719,0.790063,-0.559404,0.633503,-0.534501,-0.024537,-0.978454,0.204901,-0.082492,-0.721213,0.687735,-0.198828,-0.022492,-0.979766,-0.531541,0.316599,-0.785607,-0.095523,0.597888,0.795862,-0.978942,-0.169927,0.11301,-0.978881,-0.171178,0.111484,-0.978545,-0.172094,0.113071,-0.97882,-0.171331,0.11185,-0.977874,-0.174078,0.11597,-0.978881,-0.171178,0.111576,0.924406,-0.169866,0.341441,0.924558,-0.171361,0.340251,0.92349,-0.166082,0.345775,-0.063875,0.599628,0.797693,-0.06595,-0.712485,0.698538,-0.074099,-0.716941,0.693167,0.003296,-0.978668,0.205267,0.409894,-0.912015,-0.012207,0.425001,-0.02234,-0.904904,0.30488,0.492019,0.815424,0.934172,-0.350383,0.067202,0.883999,-0.403974,0.235206,0.922788,-0.173772,0.343791,0.828303,0.064241,0.556536,0.669973,0.633595,-0.386853,0.702353,0.316568,-0.637532,0.967376,-0.142155,-0.209662,0.924497,-0.171484,0.340403,0.924497,-0.171331,0.340465,-0.890286,-0.142155,-0.4326,-0.923521,-0.350505,-0.155644,-0.914487,-0.404065,0.019532,0.9241,-0.171789,0.341288],