{
    "normals": [0,1,0],
    "uvs": [[0,1,0,0,1,0,1,1]],
    "metadata": {
        "generator": "io_three",
        "normals": 1,
        "uvs": 1,
        "vertices": 4,
        "faces": 1,
        "version": 3,
        "type": "Geometry"
    },
    "name": "PlaneGeometry.4",
    "faces": [41,0,1,3,2,0,1,2,3,0,0,0,0],
    "vertices": [-4423.9,1.00014,3180.67,3978.2,1.00014,3180.67,-4423.9,0.999861,-3180.67,3978.2,0.999861,-3180.67]
}