{
    "uvs": [[0.561342,0.345992,0.561343,0.654009,0.438657,0.654009,0.438657,0.345992,0.561343,0,0.561342,1,0.438657,1,0.438657,0,0.654009,0,0.654009,1,0.345992,1,0.345991,0,0.438657,0.955175,0.561343,0.955175,0.561343,1,0.561342,0,0.561342,0.044825,0.438657,0.044825,1,0,1,1,0.955175,1,0.955175,0,0,1,0,0,0.044825,0,0.044825,1,0,0.345991,0.050184,0.345991,0.050184,0.654009,0,0.654009,1,0.654009,0.949816,0.654009,0.949816,0.345992,1,0.345992,0.949816,0,0.949816,1,0.843175,1,0.843175,0,0.050184,1,0.050184,0,0.156825,0,0.156825,1,0.050184,0.955175,0.156825,0.955175,0.949816,0.955175,0.843175,0.955175,0.949816,0.044825,0.843175,0.044825,0.050184,0.044825,0.156825,0.044825,0,0.044825,0.156825,0.654009,0.843175,0.345992,1,0.955175,0.156825,0.345991,0.843175,0.654009,1,0.044825,0,0.955175,0.561342,0.955175,0.561343,0.044825]],
    "faces": [41,0,1,2,3,0,1,2,3,0,0,0,0,41,4,5,6,7,0,1,2,3,1,1,1,1,41,8,9,10,11,4,5,6,7,2,3,3,4,41,12,13,14,15,8,9,10,11,5,6,6,7,41,16,17,18,19,4,5,6,7,8,9,9,10,41,20,21,22,23,8,9,10,11,11,12,12,11,41,17,24,25,18,6,12,13,14,9,1,1,9,41,9,26,27,10,15,16,17,7,3,1,1,3,41,28,29,30,31,18,19,20,21,13,14,6,7,41,32,33,34,35,22,23,24,25,15,16,5,6,41,36,37,38,39,18,19,20,21,17,18,12,11,41,40,41,42,43,22,23,24,25,19,20,11,12,41,21,44,45,22,26,27,28,29,12,1,1,12,41,13,46,47,14,30,31,32,33,6,1,1,6,41,48,49,50,51,34,35,36,37,21,3,3,4,41,52,53,54,55,38,39,40,41,3,21,2,3,41,56,57,58,59,34,35,36,37,22,9,9,10,41,60,61,62,63,38,39,40,41,9,22,8,9,41,57,64,65,58,38,42,43,41,9,1,1,9,41,66,60,63,67,44,35,36,45,1,9,9,1,41,49,68,69,50,34,46,47,37,3,1,1,3,41,70,52,55,71,48,39,40,49,1,3,3,1,41,72,0,3,73,16,0,3,17,23,0,0,24,41,74,2,1,75,12,2,1,13,25,0,0,26,41,26,4,7,27,16,0,3,17,1,1,1,1,41,24,6,5,25,12,2,1,13,1,1,1,1,41,31,30,13,12,21,20,9,8,7,6,6,5,41,35,34,15,14,25,24,11,10,6,5,7,6,41,39,38,21,20,21,20,9,8,11,12,12,11,41,43,42,23,22,25,24,11,10,12,11,11,12,41,34,76,77,15,50,48,27,26,5,27,28,7,41,78,79,80,81,43,42,28,51,26,28,27,0,41,82,83,84,85,47,46,32,52,24,29,30,0,41,38,70,44,21,50,48,27,26,12,1,1,12,41,65,64,45,86,43,42,28,51,1,1,1,1,41,30,66,46,13,53,44,31,30,6,1,1,6,41,69,68,47,87,47,46,32,52,1,1,1,1,41,88,81,80,77,54,51,28,27,0,0,27,28,41,89,87,47,46,55,52,32,31,1,1,1,1,41,33,32,49,48,18,19,35,34,16,15,3,21,41,29,28,61,60,22,23,39,38,14,13,22,9,41,30,29,60,66,53,19,35,44,6,14,9,1,41,32,35,68,49,18,56,46,34,15,6,1,3,41,90,88,77,76,49,54,27,48,23,0,28,27,41,31,12,80,79,57,29,28,42,7,5,27,28,41,67,89,46,66,45,55,31,44,1,1,1,1,41,35,14,47,68,56,33,32,46,6,6,1,1,41,91,85,84,92,55,52,32,31,0,0,30,30,41,93,86,45,44,54,51,28,27,1,1,1,1,41,37,36,53,52,22,23,39,38,18,17,21,3,41,41,40,57,56,18,19,35,34,20,19,9,22,41,40,43,64,57,22,57,42,38,19,12,1,9,41,38,37,52,70,50,23,39,48,12,18,3,1,41,94,91,92,95,45,55,31,44,25,0,30,31,41,71,93,44,70,49,54,27,48,1,1,1,1,41,43,22,45,64,57,29,28,42,12,12,1,1,41,96,97,98,99,0,1,2,3,0,0,0,0,41,100,101,102,103,4,5,6,7,28,32,33,28,41,104,105,106,107,8,9,10,11,30,34,35,30,41,108,109,110,111,4,5,6,7,27,36,37,27,41,112,113,114,115,8,9,10,11,38,11,11,38,41,111,116,117,108,6,12,13,14,27,0,0,27,41,103,118,119,100,15,16,17,7,28,0,0,28,41,120,121,122,123,18,19,20,21,29,13,35,30,41,124,125,126,127,22,23,24,25,16,31,30,34,41,128,129,130,131,18,19,20,21,39,17,11,38,41,132,133,134,135,22,23,24,25,20,40,38,11,41,107,136,137,104,26,27,28,29,30,0,0,30,41,115,138,139,112,30,31,32,33,38,0,0,38,41,140,141,142,143,34,35,36,37,28,21,33,28,41,144,145,146,147,38,39,40,41,21,28,28,32,41,148,149,150,151,34,35,36,37,27,22,37,27,41,152,153,154,155,38,39,40,41,22,27,27,36,41,153,156,157,154,38,42,43,41,27,0,0,27,41,158,148,151,159,44,35,36,45,0,27,27,0,41,145,160,161,146,34,46,47,37,28,0,0,28,41,162,140,143,163,48,39,40,49,0,28,28,0,41,118,96,99,119,16,0,3,17,0,0,0,0,41,116,98,97,117,12,2,1,13,0,0,0,0,41,123,122,105,104,21,20,9,8,30,35,34,30,41,127,126,107,106,25,24,11,10,34,30,30,35,41,131,130,113,112,21,20,9,8,38,11,11,38,41,135,134,115,114,25,24,11,10,11,38,38,11,41,126,162,136,107,50,48,27,26,30,0,0,30,41,157,156,137,164,43,42,28,51,0,0,0,0,41,134,158,138,115,53,44,31,30,38,0,0,38,41,161,160,139,165,47,46,32,52,0,0,0,0,41,166,167,168,169,43,42,28,51,41,15,6,1,41,122,170,171,105,53,44,31,30,35,42,43,34,41,172,164,137,136,54,51,28,27,0,0,0,0,41,125,124,141,140,18,19,35,34,31,16,21,28,41,121,120,153,152,22,23,39,38,13,29,27,22,41,120,123,156,153,22,57,42,38,29,30,0,27,41,126,125,140,162,50,23,39,48,30,31,28,0,41,163,172,136,162,49,54,27,48,0,0,0,0,41,123,104,137,156,57,29,28,42,30,30,0,0,41,127,106,173,174,56,33,32,46,34,35,44,45,41,175,165,139,138,55,52,32,31,0,0,0,0,41,176,169,168,177,54,51,28,27,1,1,6,6,41,129,128,145,144,22,23,39,38,17,39,28,21,41,133,132,149,148,18,19,35,34,40,20,22,27,41,134,133,148,158,53,19,35,44,38,40,27,0,41,128,131,160,145,18,56,46,34,39,38,0,28,41,159,175,138,158,45,55,31,44,0,0,0,0,41,131,112,139,160,56,33,32,46,38,38,0,0,41,178,176,177,179,49,54,27,48,46,1,6,14,41,15,77,173,106,26,27,32,33,7,28,44,35,41,180,181,182,183,27,28,31,32,18,19,40,39,41,80,12,105,171,28,29,30,31,27,5,34,43,41,12,15,106,105,8,11,10,9,5,7,35,34,41,56,59,150,149,34,37,36,35,22,10,37,22,41,59,94,166,150,36,45,43,41,10,25,41,37,41,94,95,167,166,45,44,42,43,25,31,15,41,41,95,92,168,167,44,31,28,42,31,30,6,15,41,92,84,177,168,31,32,27,28,30,30,6,6,41,84,83,179,177,32,46,48,27,30,29,14,6,41,83,82,178,179,46,47,49,48,29,24,46,14,41,82,54,147,178,47,37,40,49,24,2,32,46,41,54,53,144,147,40,39,38,41,2,21,21,32,41,53,36,129,144,39,23,22,38,21,17,17,21,41,36,39,130,129,18,21,20,19,17,11,11,17,41,39,20,113,130,21,8,9,20,11,11,11,11,41,20,23,114,113,8,11,10,9,11,11,11,11,41,23,42,135,114,11,24,25,10,11,11,11,11,41,42,41,132,135,24,23,22,25,11,20,20,11,41,41,56,149,132,18,34,35,19,20,22,22,20,41,78,62,155,184,43,41,36,45,26,8,36,18,41,62,61,152,155,40,39,38,41,8,22,22,36,41,61,28,121,152,39,23,22,38,22,13,13,22,41,28,31,122,121,18,21,20,19,13,7,35,13,41,31,79,170,122,57,42,44,53,7,28,42,35,41,79,78,184,170,42,43,45,44,28,26,18,42,41,51,90,185,142,40,49,47,37,4,23,19,33,41,90,76,174,185,49,48,46,47,23,27,45,19,41,76,34,127,174,48,50,56,46,27,5,34,45,41,34,33,124,127,24,23,22,25,5,16,16,34,41,33,48,141,124,18,34,35,19,16,21,21,16,41,48,51,142,141,34,37,36,35,21,4,33,21,41,77,80,181,180,27,28,28,27,28,27,19,18,41,80,171,182,181,28,31,31,28,27,43,40,19,41,171,173,183,182,31,32,32,31,43,44,39,40,41,173,77,180,183,32,27,27,32,44,28,18,39,41,1,0,85,91,1,0,52,55,0,0,0,0,41,81,88,3,2,51,54,3,2,0,0,0,0,41,87,89,5,4,52,55,1,0,1,1,1,1,41,86,93,7,6,51,54,3,2,1,1,1,1,41,51,50,9,8,37,36,5,4,4,3,3,2,41,55,54,11,10,41,40,7,6,3,2,4,3,41,59,58,17,16,37,36,5,4,10,9,9,8,41,63,62,19,18,41,40,7,6,9,8,10,9,41,62,78,74,19,41,43,12,6,8,26,25,10,41,94,59,16,75,45,36,14,13,25,10,8,26,41,54,82,72,11,37,47,16,15,2,24,23,4,41,90,51,8,73,49,40,7,17,23,4,2,24,41,58,65,24,17,41,43,12,6,9,1,1,9,41,67,63,18,25,45,36,14,13,1,9,9,1,41,50,69,26,9,37,47,16,15,3,1,1,3,41,71,55,10,27,49,40,7,17,1,3,3,1,41,0,72,82,85,0,16,47,52,0,23,24,0,41,88,90,73,3,54,49,17,3,0,23,24,0,41,78,81,2,74,43,51,2,12,26,0,0,25,41,91,94,75,1,55,45,13,1,0,25,26,0,41,69,87,4,26,47,52,0,16,1,1,1,1,41,93,71,27,7,54,49,17,3,1,1,1,1,41,65,86,6,24,43,51,2,12,1,1,1,1,41,89,67,25,5,55,45,13,1,1,1,1,1,41,165,175,97,96,52,55,1,0,0,0,0,0,41,164,172,99,98,51,54,3,2,0,0,0,0,41,143,142,101,100,37,36,5,4,28,33,32,28,41,147,146,103,102,41,40,7,6,32,28,28,33,41,151,150,109,108,37,36,5,4,27,37,36,27,41,155,154,111,110,41,40,7,6,36,27,27,37,41,154,157,116,111,41,43,12,6,27,0,0,27,41,159,151,108,117,45,36,14,13,0,27,27,0,41,146,161,118,103,37,47,16,15,28,0,0,28,41,163,143,100,119,49,40,7,17,0,28,28,0,41,150,166,186,109,41,43,12,6,37,41,18,36,41,184,155,110,187,45,36,14,58,18,36,37,15,41,142,185,188,101,37,47,59,15,33,19,14,32,41,178,147,102,189,49,40,7,17,46,32,33,19,41,161,165,96,118,47,52,0,16,0,0,0,0,41,172,163,119,99,54,49,17,3,0,0,0,0,41,157,164,98,116,43,51,2,12,0,0,0,0,41,175,159,117,97,55,45,13,1,0,0,0,0,41,19,74,187,110,6,12,58,14,10,25,15,37,41,74,75,186,187,12,13,18,18,25,26,18,15,41,75,16,109,186,13,14,6,12,26,8,36,18,41,16,19,110,109,4,7,