{
    "vertices": [3854.22,2139.01,514.747,3854.22,2139.01,-383.963,3854.22,2147.25,-392.208,3854.22,2147.25,522.992,3813,2139.01,514.747,3813,2139.01,-383.963,3813,2147.25,522.992,3813,2147.25,-392.208,3854.22,1075.4,514.747,3854.22,1067.15,522.992,3813,1075.4,514.747,3813,1067.15,522.992,3854.22,1075.4,-383.963,3854.22,1067.15,-392.208,3813,1075.4,-383.963,3813,1067.15,-392.208,3813,1071.28,518.869,3813,2143.13,518.869,3813,2143.13,-388.086,3812.99,1071.28,-388.086,3854.22,1071.28,518.869,3854.22,1071.28,-388.086,3854.22,2143.13,-388.086,3854.22,2143.13,518.869],
    "name": "kartina2Geometry",
    "normals": [0.904508,-0.301492,-0.301492,0.904508,-0.301492,0.301492,0.577349,0.577349,-0.577349,0.577349,0.577349,0.577349,-0.904508,-0.301523,-0.301492,-0.904508,-0.301523,0.301492,-0.577349,0.577319,0.577349,-0.577349,0.577319,-0.577349,0.904538,0.301492,-0.301492,0.577319,-0.577349,0.577319,-0.904508,0.301523,-0.301492,-0.577349,-0.577319,0.577349,0.904538,0.301492,0.301492,0.577319,-0.577349,-0.577319,-0.904508,0.301523,0.301492,-0.577349,-0.577319,-0.577349,-0.577349,-0.577349,0.577349,-0.577349,0.577349,0.577349,-0.577349,0.577349,-0.577349,-0.577349,-0.577349,-0.577349,0.577349,-0.577349,0.577349,0.577349,-0.577349,-0.577349],
    "faces": [41,0,1,2,3,0,1,2,3,0,1,2,3,41,1,0,4,5,1,0,0,1,1,0,4,5,41,6,7,5,4,3,2,1,0,6,7,5,4,41,3,2,7,6,3,2,2,3,3,2,7,6,41,8,0,3,9,4,0,3,5,8,0,3,9,41,0,8,10,4,0,4,4,0,0,8,10,4,41,11,6,4,10,5,3,0,4,11,6,4,10,41,9,3,6,11,5,3,3,5,9,3,6,11,41,12,8,9,13,6,4,5,7,12,8,9,13,41,14,10,8,12,6,4,4,6,14,10,8,12,41,15,11,10,14,7,5,4,6,15,11,10,14,41,13,9,11,15,7,5,5,7,13,9,11,15,41,1,12,13,2,1,6,7,2,1,12,13,2,41,5,14,12,1,1,6,6,1,5,14,12,1,41,7,15,14,5,2,7,6,1,7,15,14,5,41,2,13,15,7,2,7,7,2,2,13,15,7,41,16,17,18,19,8,9,10,11,16,17,18,19,41,20,21,22,23,11,8,9,10,20,21,2,3,41,16,19,21,20,11,8,9,10,16,19,21,20,41,19,18,22,21,11,8,9,10,19,18,2,21,41,18,17,23,22,11,8,9,10,18,17,3,2,41,17,16,20,23,11,8,9,10,17,16,20,3],
    "uvs": [[-545,645,545,645,555,655,-555,655,-545,-645,-555,-655,545,-645,555,-655,1,0,1,1,0,1,0,0]],
    "metadata": {
        "vertices": 24,
        "normals": 22,
        "type": "Geometry",
        "faces": 22,
        "version": 3,
        "uvs": 1,
        "generator": "io_three"
    }
}