{
    "uvs": [[-345,945,345,945,355,955,-355,955,-345,-945,-355,-955,345,-945,355,-955,1,0,1,1,0,1,0,0]],
    "faces": [41,0,1,2,3,0,1,2,3,0,1,2,3,41,1,0,4,5,1,0,0,1,1,0,4,5,41,6,7,5,4,3,2,1,0,6,7,5,4,41,3,2,7,6,3,2,2,3,3,2,7,6,41,8,0,3,9,4,0,3,5,8,0,3,9,41,0,8,10,4,0,4,4,0,0,8,10,4,41,11,6,4,10,5,3,0,4,11,6,4,10,41,9,3,6,11,5,3,3,5,9,3,6,11,41,12,8,9,13,6,4,5,7,12,8,9,13,41,14,10,8,12,6,4,4,6,14,10,8,12,41,15,11,10,14,7,5,4,6,15,11,10,14,41,13,9,11,15,7,5,5,7,13,9,11,15,41,1,12,13,2,1,6,7,2,1,12,13,2,41,5,14,12,1,1,6,6,1,5,14,12,1,41,7,15,14,5,2,7,6,1,7,15,14,5,41,2,13,15,7,2,7,7,2,2,13,15,7,41,16,17,18,19,8,9,10,11,16,17,18,19,41,20,21,22,23,11,8,9,10,20,21,22,23,41,16,19,21,20,11,8,9,10,16,19,21,20,41,19,18,22,21,11,8,9,10,19,18,22,21,41,18,17,23,22,11,8,9,10,18,17,23,22,41,17,16,20,23,11,8,9,10,17,16,20,23],
    "metadata": {
        "uvs": 1,
        "version": 3,
        "type": "Geometry",
        "generator": "io_three",
        "faces": 22,
        "vertices": 24,
        "normals": 24
    },
    "name": "kartina_1Geometry",
    "vertices": [-1655.09,2741.98,-3136.37,-965.09,2741.98,-3136.37,-955.09,2751.98,-3136.37,-1665.09,2751.98,-3136.37,-1655.09,2741.98,-3186.37,-965.09,2741.98,-3186.37,-1665.09,2751.98,-3186.37,-955.09,2751.98,-3186.37,-1655.09,851.98,-3136.37,-1665.09,841.98,-3136.37,-1655.09,851.98,-3186.37,-1665.09,841.98,-3186.37,-965.09,851.98,-3136.37,-955.09,841.98,-3136.37,-965.09,851.98,-3186.37,-955.09,841.98,-3186.37,-1660.09,846.98,-3186.37,-1660.09,2746.98,-3186.37,-960.09,2746.98,-3186.37,-960.09,846.98,-3186.37,-1660.09,846.98,-3136.37,-960.09,846.98,-3136.37,-960.09,2746.98,-3136.37,-1660.09,2746.98,-3136.37],
    "normals": [0.301492,-0.301492,0.904508,-0.301492,-0.301492,0.904508,0.577349,0.577319,0.577319,-0.577349,0.577319,0.577319,0.301492,-0.301492,-0.904508,-0.301492,-0.301492,-0.904508,-0.577319,0.577349,-0.577349,0.577319,0.577349,-0.577349,0.301492,0.301492,0.904508,-0.577349,-0.577319,0.577319,0.301492,0.301492,-0.904508,-0.577319,-0.577349,-0.577349,-0.301492,0.301492,0.904508,0.577349,-0.577319,0.577319,-0.301492,0.301492,-0.904508,0.577319,-0.577349,-0.577349,-0.577349,-0.577349,-0.577349,-0.577349,0.577349,-0.577349,0.577349,0.577349,-0.577349,0.577349,-0.577349,-0.577349,-0.577349,-0.577349,0.577349,0.577349,-0.577349,0.577349,0.577349,0.577349,0.577349,-0.577349,0.577349,0.577349]
}