{
    "uvs": [[-345,945,345,945,355,955,-355,955,-345,-945,-355,-955,345,-945,355,-955,1,0,1,1,0,1,0,0]],
    "faces": [41,0,1,2,3,0,1,2,3,0,1,2,3,41,1,0,4,5,1,0,0,1,1,0,4,5,41,6,7,5,4,3,2,1,0,6,7,5,4,41,3,2,7,6,3,2,2,3,3,2,7,6,41,8,0,3,9,4,0,3,5,8,0,3,9,41,0,8,10,4,0,4,4,0,0,8,10,4,41,11,6,4,10,5,3,0,4,11,6,4,10,41,9,3,6,11,5,3,3,5,9,3,6,11,41,12,8,9,13,6,4,5,7,12,8,9,13,41,14,10,8,12,6,4,4,6,14,10,8,12,41,15,11,10,14,7,5,4,6,15,11,10,14,41,13,9,11,15,7,5,5,7,13,9,11,15,41,1,12,13,2,1,6,7,2,1,12,13,2,41,5,14,12,1,1,6,6,1,5,14,12,1,41,7,15,14,5,2,7,6,1,7,15,14,5,41,2,13,15,7,2,7,7,2,2,13,15,7,41,16,17,18,19,8,9,10,11,11,6,7,15,41,20,21,22,23,11,8,9,10,9,13,2,3,41,16,19,21,20,11,8,9,10,11,15,13,9,41,19,18,22,21,11,8,9,10,15,7,2,13,41,18,17,23,22,11,8,9,10,7,6,3,2,41,17,16,20,23,11,8,9,10,6,11,9,3],
    "metadata": {
        "uvs": 1,
        "version": 3,
        "type": "Geometry",
        "generator": "io_three",
        "faces": 22,
        "vertices": 24,
        "normals": 16
    },
    "name": "kartina3Geometry.1",
    "vertices": [-1614.84,2649.94,3184.11,-924.837,2649.94,3184.11,-914.837,2659.94,3184.11,-1624.84,2659.94,3184.11,-1614.84,2649.94,3134.11,-924.837,2649.94,3134.11,-1624.84,2659.94,3134.11,-914.837,2659.94,3134.11,-1614.84,1349.26,3184.11,-1624.84,1339.26,3184.11,-1614.84,1349.26,3134.11,-1624.84,1339.26,3134.11,-924.837,1349.26,3184.11,-914.837,1339.26,3184.11,-924.837,1349.26,3134.11,-914.837,1339.26,3134.11,-1619.84,1344.26,3134.1,-1619.84,2654.94,3134.1,-919.837,2654.94,3134.1,-919.837,1344.26,3134.1,-1619.84,1344.26,3184.1,-919.837,1344.26,3184.1,-919.837,2654.94,3184.1,-1619.84,2654.94,3184.1],
    "normals": [0.301492,-0.301492,0.904508,-0.301492,-0.301492,0.904508,0.577349,0.577349,0.577349,-0.577349,0.577349,0.577349,0.301492,-0.301492,-0.904508,-0.301492,-0.301492,-0.904508,-0.577349,0.577349,-0.577349,0.577349,0.577349,-0.577349,0.301492,0.301492,0.904508,-0.577349,-0.577349,0.577349,0.301492,0.301492,-0.904508,-0.577349,-0.577349,-0.577349,-0.301492,0.301492,0.904508,0.577349,-0.577349,0.577349,-0.301492,0.301492,-0.904508,0.577349,-0.577349,-0.577349]
}