{
    "vertices": [-5931.14,-1898.8,-2886.56,-5493.51,-1898.8,-3587.05,-5493.51,4356.81,-3587.05,-5931.14,4356.81,-2886.56,-4971.6,-1898.8,-4227.22,-4971.6,4356.81,-4227.22,-4373.64,-1898.79,-4797,-4373.64,4356.81,-4797,-3709.03,-1898.79,-5287.41,-3709.03,4356.81,-5287.4,-2988.23,-1898.79,-5690.72,-2988.23,4356.81,-5690.72,-2222.61,-1898.8,-6000.6,-2222.61,4356.81,-6000.6,-1424.2,-1898.8,-6212.17,-1424.2,4356.81,-6212.17,-605.591,-1898.8,-6322.08,-605.591,4356.81,-6322.08,220.342,-1898.79,-6328.62,220.342,4356.82,-6328.62,1040.59,-1898.79,-6231.67,1040.59,4356.82,-6231.67,1842.24,-1898.79,-6032.77,1842.24,4356.81,-6032.77,2612.68,-1898.79,-5735.04,2612.68,4356.81,-5735.04,3339.76,-1898.79,-5343.17,3339.76,4356.81,-5343.17,4012.05,-1898.79,-4863.35,4012.05,4356.81,-4863.34,4618.95,-1898.79,-4303.1,4618.95,4356.81,-4303.1,5150.93,-1898.79,-3671.27,5150.92,4356.81,-3671.27,5599.58,-1898.8,-2977.79,5599.58,4356.81,-2977.79,5957.87,-1898.8,-2233.58,5957.87,4356.81,-2233.58,6233.77,-1898.8,-1479.31,6233.77,4356.81,-1479.31,6458.53,-1898.8,-236.311,6458.53,4356.81,-236.31,6417.67,-1898.8,1052.38,6417.67,4356.81,1052.38,6126.39,-1898.8,2308.39,6126.39,4356.81,2308.39,5595.86,-1898.8,3483.52,5595.86,4356.81,3483.52,4846.45,-1898.8,4532.7,4846.45,4356.81,4532.7,3906.89,-1898.8,5415.66,3906.89,4356.81,5415.66,2813.24,-1898.8,6098.55,2813.25,4356.81,6098.55,1607.46,-1898.8,6555.15,1607.46,4356.81,6555.15,335.807,-1898.8,6767.95,335.807,4356.81,6767.95,-952.937,-1898.8,6728.79,-952.937,4356.81,6728.78,-2209.33,-1898.8,6439.16,-2209.33,4356.81,6439.16,-3385.16,-1898.8,5910.18,-3385.16,4356.81,5910.18,-4435.32,-1898.8,5162.15,-4435.32,4356.81,5162.15,-5319.52,-1898.8,4223.76,-5319.52,4356.81,4223.76,-6003.85,-1898.8,3131.01,-6003.85,4356.81,3131.01,-6462.04,-1898.8,1925.83,-6462.04,4356.81,1925.83,-6676.51,-1898.8,654.456,-6676.51,4356.81,654.456,-6639.04,-1898.8,-634.339,-6639.04,4356.81,-634.338,-6351.07,-1898.8,-1891.11,-6351.07,4356.81,-1891.11],
    "name": "panoramaGeometry.1",
    "normals": [0.848079,0,0.529832,0.813166,0,0.581988,0.733879,0,0.67925,0.643055,0,0.765801,0.54207,0,0.840297,0.432569,0,0.901578,0.316263,0,0.948637,0.194983,0,0.980804,0.07062,0,0.997497,-0.054811,0,0.998474,-0.179418,0,0.983764,-0.301218,0,0.953551,-0.418256,0,0.908292,-0.528703,0,0.848781,-0.630848,0,0.775872,-0.723045,0,0.690786,-0.803858,0,0.594775,-0.872005,0,0.489425,-0.921171,0,0.389111,-0.965148,0,0.261666,-0.997284,0,0.073519,-0.991577,0,-0.129398,-0.947325,0,-0.320231,-0.866726,0,-0.498733,-0.752892,0,-0.658132,-0.610157,0,-0.792261,-0.444014,0,-0.895993,-0.260842,0,-0.965361,-0.06766,0,-0.997681,0.128117,0,-0.991729,0.318979,0,-0.947752,0.497604,0,-0.867397,0.657125,0,-0.753746,0.791467,0,-0.611194,0.895413,0,-0.445174,0.965026,0,-0.262093,0.997589,0,-0.068972,0.991913,0,0.126804,0.974731,0,0.223334],
    "faces": [41,0,1,2,3,0,1,2,3,0,1,1,0,41,1,4,5,2,1,4,5,2,1,2,2,1,41,4,6,7,5,4,6,7,5,2,3,3,2,41,6,8,9,7,6,8,9,7,3,4,4,3,41,8,10,11,9,8,10,11,9,4,5,5,4,41,10,12,13,11,10,12,13,11,5,6,6,5,41,12,14,15,13,12,14,15,13,6,7,7,6,41,14,16,17,15,14,16,17,15,7,8,8,7,41,16,18,19,17,16,18,19,17,8,9,9,8,41,18,20,21,19,18,20,21,19,9,10,10,9,41,20,22,23,21,20,22,23,21,10,11,11,10,41,22,24,25,23,22,24,25,23,11,12,12,11,41,24,26,27,25,24,26,27,25,12,13,13,12,41,26,28,29,27,26,28,29,27,13,14,14,13,41,28,30,31,29,28,30,31,29,14,15,15,14,41,30,32,33,31,30,32,33,31,15,16,16,15,41,32,34,35,33,32,34,35,33,16,17,17,16,41,34,36,37,35,34,36,37,35,17,18,18,17,41,36,38,39,37,36,38,39,37,18,19,19,18,41,38,40,41,39,40,41,42,43,19,20,20,19,41,40,42,43,41,41,44,45,42,20,21,21,20,41,42,44,45,43,44,46,47,45,21,22,22,21,41,44,46,47,45,46,48,49,47,22,23,23,22,41,46,48,49,47,48,50,51,49,23,24,24,23,41,48,50,51,49,50,52,53,51,24,25,25,24,41,50,52,53,51,52,54,55,53,25,26,26,25,41,52,54,55,53,54,56,57,55,26,27,27,26,41,54,56,57,55,56,58,59,57,27,28,28,27,41,56,58,59,57,58,60,61,59,28,29,29,28,41,58,60,61,59,60,62,63,61,29,30,30,29,41,60,62,63,61,62,64,65,63,30,31,31,30,41,62,64,65,63,64,66,67,65,31,32,32,31,41,64,66,67,65,66,68,69,67,32,33,33,32,41,66,68,69,67,68,70,71,69,33,34,34,33,41,68,70,71,69,70,72,73,71,34,35,35,34,41,70,72,73,71,72,74,75,73,35,36,36,35,41,72,74,75,73,74,76,77,75,36,37,37,36,41,74,76,77,75,76,78,79,77,37,38,38,37],
    "uvs": [[0.18032,0.239844,0.21397,0.239844,0.21397,0.760156,0.18032,0.760156,0.247621,0.239844,0.247621,0.760156,0.281271,0.239844,0.281271,0.760156,0.314922,0.239844,0.314922,0.760156,0.348572,0.239844,0.348573,0.760156,0.382223,0.239844,0.382223,0.760156,0.415874,0.239844,0.415874,0.760156,0.449524,0.239844,0.449524,0.760156,0.483175,0.239844,0.483175,0.760156,0.516825,0.239844,0.516825,0.760156,0.550476,0.239844,0.550476,0.760156,0.584126,0.239844,0.584126,0.760156,0.617777,0.239844,0.617777,0.760156,0.651427,0.239844,0.651428,0.760156,0.685078,0.239844,0.685078,0.760156,0.718729,0.239844,0.718729,0.760156,0.752379,0.239844,0.752379,0.760156,0.78603,0.239844,0.78603,0.760156,0.81968,0.239844,0.81968,0.760156,0.0005,0.239844,0.053079,0.239844,0.053079,0.760157,0.0005,0.760157,0.105658,0.239844,0.105658,0.760156,0.158237,0.239844,0.158237,0.760156,0.210816,0.239844,0.210816,0.760156,0.263395,0.239844,0.263395,0.760156,0.315974,0.239844,0.315974,0.760156,0.368553,0.239844,0.368553,0.760156,0.421131,0.239844,0.421132,0.760156,0.47371,0.239844,0.473711,0.760156,0.526289,0.239844,0.52629,0.760156,0.578868,0.239844,0.578869,0.760156,0.631447,0.239844,0.631447,0.760156,0.684026,0.239844,0.684026,0.760156,0.736605,0.239844,0.736605,0.760156,0.789184,0.239844,0.789184,0.760156,0.841763,0.239844,0.841763,0.760156,0.894342,0.239844,0.894342,0.760156,0.946921,0.239844,0.946921,0.760156,0.9995,0.239843,0.9995,0.760156]],
    "metadata": {
        "vertices": 78,
        "normals": 39,
        "type": "Geometry",
        "faces": 38,
        "version": 3,
        "uvs": 1,
        "generator": "io_three"
    }
}