{
    "faces": [41,0,1,2,3,0,1,2,3,0,0,0,0,41,3,2,4,5,3,2,4,5,0,0,0,0,41,5,4,6,7,5,4,6,7,0,0,0,0,41,7,6,8,9,7,6,8,9,0,0,0,0,41,10,0,3,11,10,0,3,11,0,0,0,0,41,11,3,5,12,11,3,5,12,0,0,0,0,41,12,5,7,13,12,5,7,13,0,0,0,0,41,13,7,9,14,13,7,9,14,0,0,0,0,41,15,10,11,16,15,10,11,16,0,0,0,0,41,16,11,12,17,16,11,12,17,0,0,0,0,41,17,12,13,18,17,12,13,18,0,0,0,0,41,18,13,14,19,18,13,14,19,0,0,0,0,41,20,15,16,21,20,15,16,21,0,0,0,0,41,21,16,17,22,21,16,17,22,0,0,0,0,41,22,17,18,23,22,17,18,23,0,0,0,0,41,23,18,19,24,23,18,19,24,0,0,0,0],
    "metadata": {
        "faces": 16,
        "type": "Geometry",
        "vertices": 25,
        "normals": 1,
        "version": 3,
        "uvs": 1,
        "generator": "io_three"
    },
    "name": "Plane001Geometry",
    "normals": [0,1,0],
    "uvs": [[0.01445,0.257226,0.014449,0.014451,0.257223,0.01445,0.257224,0.257225,0.499998,0.014449,0.499998,0.257224,0.742773,0.014449,0.742774,0.257224,0.985549,0.014448,0.985549,0.257224,0.014451,0.5,0.257224,0.499999,0.499999,0.499999,0.742774,0.499999,0.985549,0.5,0.014451,0.742773,0.257225,0.742773,0.499998,0.742773,0.742773,0.742774,0.985548,0.742775,0.014451,0.985547,0.257224,0.985547,0.499998,0.985547,0.742772,0.985548,0.985547,0.985549]],
    "vertices": [-2500,-0.000149,1250,-2500,-0.000298,2500,-1250,-0.000298,2500,-1250,-0.000149,1250,0,-0.000298,2500,0,-0.000149,1250,1250,-0.000298,2500,1250,-0.000149,1250,2500,-0.000298,2500,2500,-0.000149,1250,-2500,0,0,-1250,0,0,0,0,0,1250,0,0,2500,0,0,-2500,0.000149,-1250,-1250,0.000149,-1250,0,0.000149,-1250,1250,0.000149,-1250,2500,0.000149,-1250,-2500,0.000298,-2500,-1250,0.000298,-2500,0,0.000298,-2500,1250,0.000298,-2500,2500,0.000298,-2500]
}