{
    "uvs": [[-0.002296,-0.00048,-0.144969,-0.00037,-0.124678,-0.022253,-0.002406,-0.025991,0.48684,-0.026367,0.48695,-0.000857,-0.000256,1.00267,-0.122545,1.00277,0.509364,1.00228,-0.000146,1.02819,-0.122435,1.02828,0.509474,1.02779,-0.14511,-0.03317,-0.165595,-0.058664,-0.022911,-0.058774,-0.002437,-0.03328,0.486793,-0.037301,0.486699,-0.059167,-5e-06,1.06099,-0.163053,1.06111,-0.142788,1.03558,-9.9e-05,1.03912,-0.305998,1.00291,-0.183689,1.00282,-0.163178,1.03196,-0.305856,1.03571,-0.185728,-0.000339,-0.328432,-0.000229,-0.308163,-0.0294,-0.165469,-0.02951,0.509615,1.06059,0.509521,1.03873,1.09835,-0.023194,1.11884,-0.001343,0.996518,-0.001249,0.996408,-0.02676,1.12088,1.00181,0.998558,1.00191,1.12097,1.02368,0.998668,1.02742,1.13908,-0.034158,0.996377,-0.034048,0.996267,-0.059559,1.13899,-0.056025,1.16188,1.05645,1.0192,1.0602,0.998715,1.03835,1.1414,1.0346,1.16177,1.03094,1.18202,1.00177,1.30433,1.00167,1.30446,1.03083,1.17998,-0.00139,1.30229,-0.001484,1.15948,-0.03053,1.30217,-0.03064]],
    "metadata": {
        "version": 3,
        "uvs": 1,
        "generator": "io_three",
        "vertices": 48,
        "normals": 47,
        "faces": 40,
        "type": "Geometry"
    },
    "name": "birka_spinkaGeometry",
    "normals": [0.986236,0.165258,6.1e-05,0.91702,0.12125,0.379894,0.944029,-0.143834,0.296823,0.974548,-0.221931,0.031373,0.978423,-0.206488,-0.000214,0.986206,0.16541,-0.000153,0.986236,0.165258,-0.000244,0.908902,0.179388,0.376415,0.847346,0.530229,0.028718,0.845058,0.444929,0.296457,0.855556,0.517655,-6.1e-05,0.487075,-0.582293,0.650899,0.104709,-0.696188,0.710135,0.147923,-0.986023,0.076327,0.528947,-0.845729,0.070162,0.535295,-0.84463,-0.000275,0.14832,-0.988922,-0.000214,-0.147954,0.986206,0.074038,-0.105075,0.700705,0.705618,0.283761,0.70159,0.653615,0.244118,0.967406,0.066836,-0.010224,0.069094,0.997528,0.381115,0.127232,0.915708,0.398114,-0.0065,0.917295,0.011902,-0.077181,0.996918,-0.148412,0.988922,0.000214,0.251015,0.967956,0.000122,0.943144,-0.140996,-0.300912,0.916959,0.121799,-0.379864,0.986236,0.165227,-0.000275,0.973968,-0.223731,-0.036225,0.906339,0.186193,-0.379284,0.986236,0.165166,0.000153,0.844325,0.440809,-0.304544,0.843226,0.53563,-0.045045,0.48497,-0.575274,-0.65865,0.528062,-0.845424,-0.079623,0.14774,-0.985198,-0.086642,0.103214,-0.688314,-0.718009,-0.103244,0.686392,-0.71984,-0.147465,0.982879,-0.110385,0.241157,0.965331,-0.099612,0.281869,0.68923,-0.667409,0.376965,0.141972,-0.915281,-0.013245,0.086001,-0.996185,0.397717,-0.005249,-0.917478,0.011231,-0.075808,-0.99704],
    "faces": [41,0,1,2,3,0,1,2,3,0,1,2,3,41,0,3,4,5,0,3,4,5,0,3,4,5,41,0,6,7,1,0,6,7,1,0,6,7,1,41,6,0,5,8,6,0,5,8,6,0,5,5,41,6,9,10,7,6,9,10,7,6,8,9,7,41,6,8,11,9,6,8,11,9,6,5,10,8,41,12,13,14,15,12,13,14,15,11,12,13,14,41,16,15,14,17,16,15,14,17,15,14,13,16,41,18,19,20,21,18,19,20,21,17,18,19,20,41,22,23,20,19,22,23,24,25,21,22,19,18,41,24,23,22,25,26,23,22,27,23,22,21,24,41,24,25,13,12,26,27,28,29,23,24,12,11,41,26,18,21,27,30,18,21,31,25,17,20,26,41,28,29,30,31,32,33,34,35,27,28,29,30,41,5,4,31,30,5,4,35,34,5,4,30,29,41,29,32,33,30,33,36,37,34,28,31,32,29,41,5,30,33,8,5,34,37,8,5,29,32,5,41,34,35,33,32,38,39,37,36,33,34,32,31,41,11,8,33,35,11,8,37,39,10,5,32,34,41,36,37,38,39,40,41,42,43,35,36,37,38,41,16,17,38,37,16,17,42,41,15,16,37,36,41,40,41,42,43,44,45,46,47,39,40,41,42,41,43,44,45,40,48,49,50,51,42,43,44,39,41,44,46,47,45,49,52,53,50,43,45,46,44,41,46,36,39,47,52,54,55,53,45,35,38,46,41,26,27,42,41,30,31,46,45,25,26,41,40,41,15,3,2,12,15,3,2,12,14,3,2,11,41,24,12,2,1,26,29,2,1,23,11,2,1,41,15,16,4,3,15,16,4,3,14,15,4,3,41,21,20,10,9,21,20,10,9,20,19,9,8,41,23,7,10,20,23,7,10,24,22,7,9,19,41,21,9,11,27,21,9,11,31,20,8,10,26,41,37,36,28,31,41,40,32,35,36,35,27,30,41,46,29,28,36,52,33,32,54,45,28,27,35,41,16,37,31,4,16,41,35,4,15,36,30,4,41,34,43,42,35,38,47,46,39,33,42,41,34,41,44,43,34,32,49,48,38,36,43,42,33,31,41,27,11,35,42,31,11,39,46,26,10,34,41,41,24,1,7,23,26,1,7,23,23,1,7,22,41,44,32,29,46,49,36,33,52,43,31,28,45],
    "vertices": [-175.53,1034.38,-2.68458,-175.529,1034.38,-0.892477,-175.222,1032.61,-1.18258,-175.179,1032.38,-2.68468,-175.18,1032.38,-9.81098,-175.531,1034.38,-9.81078,-181.375,1070.97,-2.67787,-181.375,1070.97,-0.884672,-181.377,1070.97,-9.80287,-181.726,1072.96,-2.67767,-181.683,1072.73,-1.13987,-181.727,1072.96,-9.80267,-175.619,1032.1,-0.728877,-177.324,1031.85,-0.728477,-177.27,1031.55,-2.68438,-175.564,1031.81,-2.68468,-175.565,1031.81,-9.81088,-177.271,1031.55,-9.81048,-183.994,1073.14,-2.67727,-183.939,1072.84,-0.678872,-182.234,1073.1,-0.679272,-182.288,1073.39,-2.67757,-183.553,1070.63,-0.365772,-181.849,1070.89,-0.366172,-176.003,1034.3,-0.374077,-177.708,1034.04,-0.373677,-183.995,1073.14,-9.80217,-182.289,1073.39,-9.80257,-175.231,1032.65,-18.4492,-175.533,1034.38,-18.729,-175.533,1034.38,-16.9358,-175.182,1032.38,-16.936,-181.378,1070.97,-18.7212,-181.378,1070.97,-16.9291,-181.665,1072.62,-18.4213,-181.729,1072.96,-16.929,-175.63,1032.15,-18.905,-175.567,1031.81,-16.936,-177.273,1031.55,-16.9357,-177.335,1031.89,-18.9046,-183.917,1072.71,-18.8729,-183.997,1073.14,-16.9285,-182.291,1073.4,-16.9288,-182.211,1072.96,-18.8733,-181.852,1070.9,-19.2395,-183.557,1070.64,-19.2391,-176.006,1034.31,-19.2473,-177.711,1034.05,-19.2469]
}