{
    "normals":[0.920961,-0.001013,-0.389654,0.920907,-0.00102,-0.389781,0.920823,-0.001074,-0.389978,0.920966,-0.000989,-0.389642,0.92087,-0.001024,-0.389868,0.920736,-0.000499,-0.390185,0.920942,-0.000981,-0.389699,0.921062,-0.001329,-0.389413,0.920636,-0.001875,-0.390417,0.920737,-0.000842,-0.390183,0.921074,-0.000159,-0.389387,0.920998,-0.001612,-0.389563,0.920951,-0.000934,-0.389678,0.920955,-0.001055,-0.389669,0.920951,-0.000998,-0.389678,0.920884,-0.001974,-0.389832,0.920939,-0.001083,-0.389705,0.920939,-0.001092,-0.389705,0.92097,-0.001272,-0.389631,0.920754,-0.001576,-0.39014,0.921162,-0.00052,-0.389178,0.920931,-0.001006,-0.389725,0.92137,-0.002019,-0.388682,0.920996,-0.000989,-0.389571,0.921151,-0.000832,-0.389206,0.920093,-0.001386,-0.391698,0.920944,-0.000978,-0.389693,0.92109,-0.001085,-0.389348,0.92095,-0.000981,-0.389679],
    "metadata":{
        "version":3,
        "normals":29,
        "generator":"io_three",
        "vertices":32,
        "type":"Geometry",
        "uvs":1,
        "faces":29
    },
    "vertices":[-14.4807,351.883,140.283,-13.8463,350.384,140.451,-13.2361,348.943,140.937,-12.6748,347.618,141.716,-12.1826,346.458,142.76,-11.7798,345.509,144.032,-11.4805,344.806,145.479,-11.2972,344.377,147.05,-11.237,344.239,148.68,-11.3014,344.395,150.308,-11.4885,344.841,151.871,-11.7915,345.561,153.31,-12.1973,346.523,154.57,-12.692,347.695,155.602,-13.2556,349.028,156.366,-13.8666,350.474,156.832,-14.5017,351.975,156.984,-15.1362,353.474,156.814,-15.7462,354.915,156.33,-16.3078,356.24,155.55,-16.7996,357.4,154.505,-17.2026,358.349,153.233,-17.5014,359.051,151.786,-17.6849,359.481,150.217,-17.7453,359.619,148.588,-17.6812,359.463,146.959,-17.4933,359.016,145.394,-17.1909,358.297,143.955,-16.7849,357.335,142.695,-16.2905,356.163,141.664,-15.7267,354.83,140.901,-15.1158,353.384,140.433],
    "uvs":[[0.506842,-0.00236,0.784843,0.086136,0.966676,0.314088,0.698648,0.038481,0.604686,0.008606,0.226646,0.078526,0.408695,0.005938,0.773397,0.921511,0.215196,0.913895,0.078533,0.773419,0.314102,0.033227,0.860142,0.149605,0.92152,0.226629,0.14964,0.139921,0.086121,0.215225,0.0086,0.395297,0.038475,0.301435,0.994099,0.408751,1.00233,0.50687,0.005948,0.591296,0.961446,0.698602,-0.002412,0.493169,0.991446,0.604736,0.033248,0.685947,0.913922,0.784814,0.850418,0.860117,0.301402,0.961505,0.49307,1.00239,0.139906,0.850422,0.685946,0.966756,0.591226,0.994111,0.395247,0.991427]],
    "faces":[40,8,5,2,0,1,2,0,0,0,40,6,5,7,3,1,4,1,1,1,40,11,9,8,5,6,0,2,2,2,40,27,21,19,7,8,9,3,3,3,40,10,9,11,10,6,5,4,4,4,40,4,3,5,11,12,1,5,5,5,40,11,8,2,5,0,2,6,6,6,40,3,2,5,12,2,1,7,7,7,40,12,11,13,13,5,14,8,8,8,40,8,7,5,0,4,1,9,9,9,40,15,14,13,15,16,14,10,10,10,40,2,1,0,2,17,18,11,11,11,40,17,15,13,19,15,14,12,12,12,40,2,0,30,2,18,20,13,13,13,40,17,16,15,19,21,15,14,14,14,40,0,31,30,18,22,20,15,15,15,40,19,17,13,9,19,14,16,16,16,40,19,13,11,9,14,5,17,17,17,40,19,18,17,9,23,19,18,18,18,40,30,29,27,20,24,7,19,19,19,40,28,27,29,25,7,24,20,20,20,40,22,27,24,26,7,27,21,21,21,40,20,19,21,28,9,8,22,22,22,40,22,21,27,26,8,7,23,23,23,40,27,26,24,7,29,27,24,24,24,40,25,24,26,30,27,29,25,25,25,40,30,27,19,20,7,9,26,26,26,40,24,23,22,27,31,26,27,27,27,41,2,30,19,11,2,20,9,5,28,28,28,28],
    "name":"Circle.004Geometry.1"
}