{
    "normals":[-0.000694,-0.999999,0.001277,-0.000631,-0.999999,0.001266,-0.000561,-0.999999,0.001271,-0.000761,-0.999999,0.001279,-4.8e-05,-0.999999,0.001096,-0.000102,-0.999998,0.001939,-0.000669,-0.999999,0.001296,-0.000739,-0.999999,0.001214,-1.4e-05,-1,0.000587,-0.000333,-0.999999,0.001413,-0.001337,-0.999996,0.002448,-0.000637,-0.999998,0.002073,-0.000706,-0.999999,0.001166,-0.000758,-0.999999,0.001161,-0.000679,-0.999999,0.000754,-0.00052,-1,0.000271,-0.000714,-0.999999,0.001196,-0.000714,-0.999999,0.001202,-0.000876,-0.999999,0.000719,-0.000378,-0.999999,0.000908,-0.000909,-0.999999,0.001374,-0.000528,-0.999999,0.001263,-0.002112,-0.999998,-0.00026,-0.000842,-0.999999,0.001273,-0.001465,-0.999998,0.001482,0.000753,-0.999999,0.001188,-0.000733,-0.999999,0.001286,-0.000923,-0.999999,0.001157,-0.000746,-0.999999,0.001278],
    "metadata":{
        "version":3,
        "normals":29,
        "generator":"io_three",
        "vertices":32,
        "type":"Geometry",
        "uvs":1,
        "faces":29
    },
    "vertices":[157.788,399.453,244.535,156.229,399.402,244.536,154.709,399.045,244.538,153.289,398.401,244.539,152.021,397.493,244.541,150.956,396.353,244.544,150.132,395.028,244.546,149.583,393.566,244.548,149.33,392.027,244.55,149.382,390.467,244.552,149.737,388.949,244.554,150.383,387.529,244.555,151.292,386.261,244.556,152.432,385.195,244.557,153.757,384.371,244.557,155.218,383.823,244.556,156.757,383.569,244.556,158.316,383.622,244.554,159.836,383.977,244.553,161.256,384.623,244.551,162.524,385.531,244.549,163.589,386.671,244.547,164.412,387.996,244.544,164.962,389.457,244.542,165.214,390.996,244.54,165.163,392.555,244.538,164.807,394.076,244.536,164.162,395.496,244.535,163.253,396.764,244.534,162.113,397.829,244.534,160.788,398.651,244.533,159.327,399.202,244.534],
    "uvs":[[0.990963,0.60653,0.849018,0.861419,0.589495,0.994358,0.912842,0.786405,0.960783,0.700248,0.967335,0.315851,1.00232,0.508691,0.032556,0.684295,0.15088,0.138726,0.315699,0.032683,0.994362,0.410562,0.771859,0.922612,0.684179,0.967471,0.922456,0.228187,0.861266,0.150978,0.700177,0.039238,0.786237,0.087159,0.491272,1.00243,0.393471,0.991019,0.508609,-0.002286,0.213679,0.912868,0.606442,0.009009,0.299718,0.960912,0.410422,0.005673,0.138623,0.849169,0.077431,0.771975,0.087097,0.21376,0.008962,0.39349,0.22804,0.077541,0.005581,0.589601,-0.002418,0.491335,0.039134,0.299792]],
    "faces":[40,8,5,2,0,1,2,0,0,0,40,6,5,7,3,1,4,1,1,1,40,11,9,8,5,6,0,2,2,2,40,27,21,19,7,8,9,3,3,3,40,10,9,11,10,6,5,4,4,4,40,4,3,5,11,12,1,5,5,5,40,11,8,2,5,0,2,6,6,6,40,3,2,5,12,2,1,7,7,7,40,12,11,13,13,5,14,8,8,8,40,8,7,5,0,4,1,9,9,9,40,15,14,13,15,16,14,10,10,10,40,2,1,0,2,17,18,11,11,11,40,17,15,13,19,15,14,12,12,12,40,2,0,30,2,18,20,13,13,13,40,17,16,15,19,21,15,14,14,14,40,0,31,30,18,22,20,15,15,15,40,19,17,13,9,19,14,16,16,16,40,19,13,11,9,14,5,17,17,17,40,19,18,17,9,23,19,18,18,18,40,30,29,27,20,24,7,19,19,19,40,28,27,29,25,7,24,20,20,20,40,22,27,24,26,7,27,21,21,21,40,20,19,21,28,9,8,22,22,22,40,22,21,27,26,8,7,23,23,23,40,27,26,24,7,29,27,24,24,24,40,25,24,26,30,27,29,25,25,25,40,30,27,19,20,7,9,26,26,26,40,24,23,22,27,31,26,27,27,27,41,2,30,19,11,2,20,9,5,28,28,28,28],
    "name":"Circle.003Geometry"
}