{
    "normals":[0.999732,0,0.023164,0.999732,0,0.023157,0.999732,0,0.023164,0.999732,0,0.023164,0.999406,0,0.034462,0.999733,-0.000194,0.023106,0.999732,-4e-06,0.023151,0.999733,0,0.02309,0.999732,7e-06,0.023164,0.999732,9e-06,0.023167,0.999732,1.4e-05,0.02317,0.999732,0,0.02315,0.999731,-1.5e-05,0.02319,0.999732,7.4e-05,0.02313,0.999841,0,0.017854,0.999732,-1e-06,0.023156,0.999732,1.5e-05,0.023149,0.999732,3e-06,0.023158,0.999732,0,0.023156,0.999732,-7.4e-05,0.02313,0.999731,1.5e-05,0.02319,0.999732,1e-06,0.023156,0.999732,-3e-06,0.023153,0.999732,-8e-06,0.023159,0.999732,0,0.023164,0.999733,0,0.02309,0.999732,4e-06,0.023151,0.999733,0.000194,0.023106,0.999332,-0.012189,0.03446,0.999731,-1.4e-05,0.023174,0.999732,-1.1e-05,0.023168],
    "metadata":{
        "version":3,
        "normals":31,
        "generator":"io_three",
        "vertices":36,
        "type":"Geometry",
        "uvs":1,
        "faces":33
    },
    "vertices":[202.722,442.395,44.8505,201.918,407.712,44.8505,201.918,407.712,-63.577,202.722,442.395,-63.577,202.689,441.008,46.2406,202.689,441.008,-64.9671,202.689,441.008,44.8505,202.689,441.008,-63.577,201.953,409.21,46.2406,201.953,409.21,-64.9671,201.953,409.21,44.8505,201.953,409.21,-63.577,201.918,407.712,44.8533,201.953,409.209,46.2406,201.92,407.785,45.2825,201.925,407.998,45.6695,201.932,408.329,45.9764,201.942,408.747,46.1732,202.69,441.009,46.2406,202.722,442.395,44.8533,202.699,441.437,46.1727,202.708,441.824,45.9756,202.715,442.13,45.6687,202.72,442.327,45.282,202.722,442.395,-63.5798,202.69,441.009,-64.9671,202.72,442.327,-64.0085,202.715,442.13,-64.3952,202.708,441.824,-64.7022,202.699,441.437,-64.8992,201.953,409.209,-64.9671,201.918,407.712,-63.5798,201.942,408.747,-64.8992,201.932,408.329,-64.7022,201.925,407.998,-64.3952,201.92,407.785,-64.0085],
    "uvs":[[0.004372,0.04927,0.004312,0.00451,0.994051,0.003271,0.994123,0.048069,0.005907,0.996729,0.005838,0.955271,0.995568,0.954048,0.99562,0.995471,0.001608,0.955308,0.000146,0.049404,0.998352,0.048032,0.999795,0.953915,0.000152,0.046627,0.00044,0.033533,0.001074,0.02175,0.001992,0.012432,0.003106,0.006491,0.004264,0.004506,0.005857,0.996734,0.004691,0.994934,0.003559,0.989455,0.002613,0.980826,0.001945,0.969894,0.001622,0.957729,0.999789,0.956336,0.999502,0.968513,0.998867,0.979466,0.997947,0.988124,0.996831,0.993639,0.99567,0.995475,0.994099,0.003266,0.995262,0.005215,0.996392,0.011121,0.997339,0.02041,0.998009,0.032172,0.998337,0.045257]],
    "faces":[41,10,1,2,11,0,1,2,3,0,0,0,0,41,0,6,7,3,4,5,6,7,1,1,1,1,41,6,10,11,7,5,0,3,6,2,2,2,2,41,4,8,10,6,8,9,0,5,3,3,3,3,41,7,11,9,5,6,3,10,11,3,3,3,3,40,10,8,13,0,9,12,4,4,4,40,13,17,16,12,13,14,5,5,5,40,16,15,14,14,15,16,6,6,6,40,14,12,1,16,17,1,7,7,7,40,1,10,13,1,0,12,8,8,8,40,13,16,14,12,14,16,9,9,9,40,13,14,1,12,16,1,10,10,10,40,0,19,23,4,18,19,11,11,11,40,23,22,21,19,20,21,12,12,12,40,21,20,18,21,22,23,13,13,13,40,18,4,6,23,8,5,14,14,14,40,6,0,23,5,4,19,15,15,15,40,23,21,18,19,21,23,16,16,16,40,23,18,6,19,23,5,17,17,17,40,24,3,7,29,7,6,18,18,18,40,7,5,25,6,11,24,14,14,14,40,25,29,28,24,25,26,19,19,19,40,28,27,26,26,27,28,20,20,20,40,26,24,7,28,29,6,21,21,21,40,7,25,28,6,24,26,22,22,22,40,7,28,26,6,26,28,23,23,23,40,9,11,2,10,3,2,24,24,24,40,2,31,35,2,30,31,25,25,25,40,35,34,33,31,32,33,26,26,26,40,33,32,30,33,34,35,27,27,27,40,30,9,2,35,10,2,28,28,28,40,2,35,33,2,31,33,29,29,29,40,2,33,30,2,33,35,30,30,30],
    "name":"PlaneGeometry"
}