{
    "normals":[0.474807,-0.001017,0.880089,0.474988,-0.000991,0.879991,0.475067,-0.001056,0.879949,0.4748,-0.000988,0.880093,0.474992,-0.00102,0.879989,0.475293,-0.000519,0.879827,0.474854,-0.000981,0.880064,0.47461,-0.001286,0.880195,0.475447,-0.001771,0.879743,0.475271,-0.00086,0.879839,0.47457,-0.000205,0.880217,0.474738,-0.00151,0.880126,0.474828,-0.000924,0.880078,0.47482,-0.001059,0.880082,0.474828,-0.000981,0.880078,0.474968,-0.001935,0.880001,0.474856,-0.001086,0.880063,0.474856,-0.001091,0.880063,0.474825,-0.001169,0.880079,0.475257,-0.001556,0.879846,0.474292,-0.000448,0.880368,0.474885,-0.001008,0.880047,0.473934,-0.00196,0.880558,0.474715,-0.000988,0.880139,0.474416,-0.000843,0.8803,0.476685,-0.001371,0.879073,0.474844,-0.000978,0.880069,0.474531,-0.001085,0.880238,0.474831,-0.000982,0.880076],
    "metadata":{
        "version":3,
        "normals":29,
        "generator":"io_three",
        "vertices":32,
        "type":"Geometry",
        "uvs":1,
        "faces":29
    },
    "vertices":[112.266,372.298,-218.003,110.668,371.436,-217.815,109.133,370.607,-217.273,107.721,369.844,-216.405,106.485,369.176,-215.24,105.474,368.629,-213.822,104.724,368.222,-212.208,104.267,367.974,-210.456,104.12,367.892,-208.639,104.287,367.98,-206.823,104.762,368.235,-205.079,105.529,368.647,-203.474,106.556,369.199,-202.069,107.804,369.871,-200.919,109.226,370.638,-200.066,110.766,371.468,-199.546,112.366,372.331,-199.377,113.964,373.193,-199.567,115.499,374.022,-200.107,116.911,374.785,-200.977,118.147,375.453,-202.142,119.158,376.001,-203.56,119.907,376.406,-205.174,120.365,376.655,-206.924,120.512,376.737,-208.741,120.345,376.649,-210.557,119.869,376.394,-212.303,119.103,375.982,-213.908,118.077,375.43,-215.313,116.828,374.758,-216.463,115.407,373.992,-217.313,113.866,373.161,-217.836],
    "uvs":[[0.465819,-0.001246,0.750116,0.064267,0.949945,0.276619,0.660319,0.023806,0.564232,0.001698,0.193159,0.102237,0.368677,0.015034,0.806883,0.89779,0.249923,0.935754,0.102251,0.8069,0.276627,0.049952,0.830343,0.121379,0.897803,0.193138,0.121421,0.169712,0.06426,0.249949,0.001693,0.435747,0.023808,0.339759,0.985003,0.368728,1.00122,0.465848,0.015046,0.631308,0.976113,0.660277,-0.001295,0.53419,0.998352,0.564276,0.049979,0.723416,0.935784,0.75008,0.878637,0.830315,0.339727,0.97617,0.534092,1.00128,0.169704,0.878638,0.723417,0.95002,0.631245,0.985014,0.435701,0.998334]],
    "faces":[40,8,5,2,0,1,2,0,0,0,40,6,5,7,3,1,4,1,1,1,40,11,9,8,5,6,0,2,2,2,40,27,21,19,7,8,9,3,3,3,40,10,9,11,10,6,5,4,4,4,40,4,3,5,11,12,1,5,5,5,40,11,8,2,5,0,2,6,6,6,40,3,2,5,12,2,1,7,7,7,40,12,11,13,13,5,14,8,8,8,40,8,7,5,0,4,1,9,9,9,40,15,14,13,15,16,14,10,10,10,40,2,1,0,2,17,18,11,11,11,40,17,15,13,19,15,14,12,12,12,40,2,0,30,2,18,20,13,13,13,40,17,16,15,19,21,15,14,14,14,40,0,31,30,18,22,20,15,15,15,40,19,17,13,9,19,14,16,16,16,40,19,13,11,9,14,5,17,17,17,40,19,18,17,9,23,19,18,18,18,40,30,29,27,20,24,7,19,19,19,40,28,27,29,25,7,24,20,20,20,40,22,27,24,26,7,27,21,21,21,40,20,19,21,28,9,8,22,22,22,40,22,21,27,26,8,7,23,23,23,40,27,26,24,7,29,27,24,24,24,40,25,24,26,30,27,29,25,25,25,40,30,27,19,20,7,9,26,26,26,40,24,23,22,27,31,26,27,27,27,41,2,30,19,11,2,20,9,5,28,28,28,28],
    "name":"Circle.001Geometry"
}