{
    "vertices":[-195.408,975.137,3.27692,-195.408,975.137,5.06892,-195.232,973.356,4.77882,-195.206,973.12,3.27672,-195.207,973.122,-3.84958,-195.409,975.138,-3.84938,-198.522,1012.06,3.28362,-198.522,1012.06,5.07682,-198.523,1012.06,-3.84148,-198.723,1014.07,3.28372,-198.698,1013.84,4.82152,-198.725,1014.07,-3.84128,-195.665,972.875,5.23252,-197.385,972.746,5.23292,-197.353,972.446,3.27702,-195.633,972.575,3.27672,-195.634,972.576,-3.84948,-197.354,972.448,-3.84908,-200.972,1014.42,3.28422,-200.939,1014.12,5.28252,-199.219,1014.25,5.28212,-199.252,1014.55,3.28392,-200.719,1011.89,5.59562,-198.999,1012.02,5.59522,-195.885,975.1,5.58742,-197.605,974.967,5.58782,-200.973,1014.42,-3.84078,-199.253,1014.55,-3.84108,-195.238,973.394,-12.4878,-195.41,975.14,-12.7676,-195.41,975.14,-10.9744,-195.209,973.123,-10.9746,-198.525,1012.06,-12.7598,-198.525,1012.06,-10.9677,-198.688,1013.73,-12.4598,-198.726,1014.08,-10.9675,-195.673,972.92,-12.9435,-195.636,972.578,-10.9745,-197.355,972.45,-10.9742,-197.393,972.792,-12.9432,-200.927,1013.99,-12.9115,-200.975,1014.42,-10.9671,-199.255,1014.55,-10.9674,-199.207,1014.11,-12.9119,-199.002,1012.02,-13.278,-200.722,1011.89,-13.2777,-195.888,975.103,-13.2859,-197.607,974.97,-13.2855],
    "uvs":[[-0.002246,0.002774,-0.130085,0.002782,-0.104545,-0.024656,-0.002255,-0.024662,0.509254,-0.024694,0.509262,-0.001831,-0.002085,1.00311,-0.129924,1.00312,0.509425,1.00308,-0.002076,1.03055,-0.104366,1.02598,0.509434,1.03052,-0.155686,-0.033796,-0.155694,-0.056659,-0.002266,-0.056669,-0.002259,-0.033806,0.509251,-0.033837,0.509243,-0.0567,-0.002065,1.06255,-0.155492,1.06256,-0.155501,1.03513,-0.002073,1.03969,-0.308965,1.00313,-0.181088,1.00312,-0.181077,1.03513,-0.308954,1.03514,-0.181249,0.002785,-0.309128,-0.001781,-0.309137,-0.029214,-0.18126,-0.029222,0.509445,1.06252,0.509437,1.03966,1.09744,-0.020156,1.12302,-0.001868,0.995145,-0.00186,0.995137,-0.024723,1.12319,1.00304,0.995308,1.00305,1.12319,1.02591,0.995317,1.03049,1.14863,-0.033876,0.995134,-0.033867,0.995126,-0.05673,1.14862,-0.056739,1.14882,1.05791,1.02094,1.06249,0.99532,1.03963,1.14881,1.03505,1.17436,1.03048,1.17435,1.00304,1.30223,1.00303,1.30224,1.03047,1.17419,-0.001871,1.30206,-0.001879,1.17418,-0.029304,1.30205,-0.029312]],
    "metadata":{
        "type":"Geometry",
        "generator":"io_three",
        "uvs":1,
        "version":3,
        "vertices":48,
        "faces":40,
        "normals":48
    },
    "faces":[41,0,1,2,3,0,1,2,3,0,1,2,3,41,0,3,4,5,0,3,4,5,0,3,4,5,41,0,6,7,1,0,6,7,1,0,6,7,1,41,6,0,5,8,6,0,5,8,6,0,5,8,41,6,9,10,7,6,9,10,7,6,9,10,7,41,6,8,11,9,6,8,11,9,6,8,11,9,41,12,13,14,15,12,13,14,15,12,13,14,15,41,16,15,14,17,16,15,14,17,16,15,14,17,41,18,19,20,21,18,19,20,21,18,19,20,21,41,22,23,20,19,22,23,24,25,22,23,20,19,41,24,23,22,25,26,23,22,27,24,23,22,25,41,24,25,13,12,26,27,28,29,24,25,13,12,41,26,18,21,27,30,18,21,31,26,18,21,27,41,28,29,30,31,32,33,34,35,28,29,30,31,41,5,4,31,30,5,4,35,34,5,4,31,30,41,29,32,33,30,33,36,37,34,29,32,33,30,41,5,30,33,8,5,34,37,8,5,30,33,8,41,34,35,33,32,38,39,37,36,34,35,33,32,41,11,8,33,35,11,8,37,39,11,8,33,35,41,36,37,38,39,40,41,42,43,36,37,38,39,41,16,17,38,37,16,17,42,41,16,17,38,37,41,40,41,42,43,44,45,46,47,40,41,42,43,41,43,44,45,40,48,49,50,51,43,44,45,40,41,44,46,47,45,49,52,53,50,44,46,47,45,41,46,36,39,47,52,54,55,53,46,36,39,47,41,26,27,42,41,30,31,46,45,26,27,42,41,41,15,3,2,12,15,3,2,12,15,3,2,12,41,24,12,2,1,26,29,2,1,24,12,2,1,41,15,16,4,3,15,16,4,3,15,16,4,3,41,21,20,10,9,21,20,10,9,21,20,10,9,41,23,7,10,20,23,7,10,24,23,7,10,20,41,21,9,11,27,21,9,11,31,21,9,11,27,41,37,36,28,31,41,40,32,35,37,36,28,31,41,46,29,28,36,52,33,32,54,46,29,28,36,41,16,37,31,4,16,41,35,4,16,37,31,4,41,34,43,42,35,38,47,46,39,34,43,42,35,41,44,43,34,32,49,48,38,36,44,43,34,32,41,27,11,35,42,31,11,39,46,27,11,35,42,41,24,1,7,23,26,1,7,23,24,1,7,23,41,44,32,29,46,49,36,33,52,44,32,29,46],
    "name":"birka_spinkaGeometry",
    "normals":[0.995788,0.091586,6.1e-05,0.92349,0.052828,0.379894,0.930723,-0.213538,0.296823,0.955382,-0.293619,0.031373,0.960418,-0.278512,-0.000244,0.995758,0.091739,-0.000153,0.995788,0.091586,-0.000275,0.919706,0.111454,0.376415,0.995758,0.091769,-0.000153,0.884396,0.465835,0.028718,0.875729,0.380993,0.296426,0.891629,0.452712,-6.1e-05,0.442518,-0.61681,0.650899,0.052797,-0.702078,0.710105,0.074374,-0.994293,0.076327,0.464797,-0.882626,0.070162,0.471175,-0.882015,-0.000275,0.074557,-0.997192,-0.000214,-0.074343,0.994476,0.074038,-0.052767,0.706595,0.705618,0.335063,0.678579,0.653615,0.315287,0.946623,0.066836,-0.005066,0.069643,0.997528,0.389477,0.098605,0.915708,0.396496,-0.036042,0.917295,0.006134,-0.077853,0.996918,-0.074587,0.997192,0.000214,0.322184,0.946654,0.000122,0.930082,-0.210608,-0.300943,0.92346,0.053377,-0.379894,0.995788,0.091556,-0.000275,0.95468,-0.295389,-0.036195,0.917631,0.118381,-0.379315,0.995788,0.091525,0.000153,0.874691,0.377026,-0.304514,0.880642,0.471603,-0.045015,0.440901,-0.609729,-0.65862,0.463881,-0.88229,-0.079623,0.074221,-0.993439,-0.086642,0.05182,-0.694052,-0.718009,-0.051973,0.69219,-0.71981,-0.074068,0.991119,-0.110355,0.312113,0.944792,-0.099551,0.332255,0.666402,-0.667409,0.386456,0.113559,-0.915281,-0.006775,0.086734,-0.996185,0.396191,-0.034761,-0.917478,0.005585,-0.076418,-0.99704]
}