{
    "uvs": [[-0.00168,-0.006952,-0.050875,-0.006952,-0.045408,-0.056145,-0.00168,-0.061614,0.50076,-0.061614,0.50076,-0.006952,-0.00168,0.998792,-0.050875,0.998792,0.50076,0.998792,-0.00168,1.05345,-0.045408,1.04798,0.50076,1.05345,-0.056342,-0.072544,-0.056342,-0.127201,-0.00168,-0.127201,-0.00168,-0.078005,0.50076,-0.078005,0.50076,-0.132667,-0.00168,1.12451,-0.056342,1.12451,-0.056342,1.06985,-0.00168,1.07531,-0.116465,1.00426,-0.067273,0.998792,-0.061806,1.06438,-0.116465,1.06438,-0.067273,-0.001483,-0.116465,-0.006952,-0.116465,-0.067078,-0.061806,-0.067078,0.50076,1.12451,0.50076,1.07531,1.03511,-0.056145,1.04604,-0.006952,0.99685,-0.006952,0.99685,-0.061614,1.04604,0.998792,0.99685,0.998792,1.04058,1.04798,0.99685,1.05345,1.05151,-0.072544,0.99685,-0.078005,0.99685,-0.127201,1.05151,-0.127201,1.05698,1.11904,0.99685,1.12451,0.99685,1.07531,1.05151,1.06438,1.05698,1.05892,1.06244,0.998792,1.11163,0.998792,1.11163,1.05892,1.06244,-0.006952,1.11163,-0.006952,1.05698,-0.067078,1.10617,-0.067078]],
    "metadata": {
        "version": 3,
        "uvs": 1,
        "generator": "io_three",
        "vertices": 48,
        "normals": 46,
        "faces": 40,
        "type": "Geometry"
    },
    "name": "birka_spinkaGeometry",
    "normals": [0.984466,0.175451,6.1e-05,0.915708,0.130711,0.379925,0.945463,-0.134098,0.296823,0.976775,-0.211859,0.031373,0.980499,-0.196387,-0.000214,0.984436,0.175604,-0.000153,0.984466,0.175451,-0.000275,0.90698,0.188788,0.376446,0.841792,0.538987,0.028718,0.840358,0.453688,0.296487,0.850124,0.526536,-6.1e-05,0.493057,-0.577227,0.650899,0.111911,-0.69509,0.710105,0.158116,-0.984436,0.076327,0.537675,-0.840205,0.070162,0.543962,-0.839076,-0.000275,0.158544,-0.987335,-0.000214,-0.158086,0.984619,0.074068,-0.112278,0.699606,0.705618,0.276467,0.704459,0.653645,0.234107,0.969878,0.066866,-0.010926,0.068972,0.997528,0.379742,0.131169,0.915738,0.398114,-0.002411,0.917295,0.012696,-0.077059,0.996918,-0.158544,0.987335,0.000214,0.240974,0.970519,0.000122,0.944517,-0.131291,-0.300974,0.915647,0.13126,-0.379894,0.976196,-0.213721,-0.036225,0.904355,0.195563,-0.379284,0.984497,0.17539,0.000153,0.839717,0.449568,-0.304514,0.837611,0.544359,-0.045015,0.49086,-0.570269,-0.65865,0.536729,-0.839961,-0.079653,0.157964,-0.983612,-0.086673,0.110355,-0.687216,-0.717978,-0.110294,0.685293,-0.71984,-0.157567,0.981292,-0.110385,0.231147,0.967803,-0.099582,0.274758,0.692099,-0.667409,0.375469,0.145848,-0.91525,-0.0141,0.085849,-0.996185,0.397717,-0.00116,-0.917478,0.012055,-0.075686,-0.99704],
    "faces": [41,0,1,2,3,0,1,2,3,0,1,2,3,41,0,3,4,5,0,3,4,5,0,3,4,5,41,0,6,7,1,0,6,7,1,0,6,7,1,41,6,0,5,8,6,0,5,8,6,0,5,5,41,6,9,10,7,6,9,10,7,6,8,9,7,41,6,8,11,9,6,8,11,9,6,5,10,8,41,12,13,14,15,12,13,14,15,11,12,13,14,41,16,15,14,17,16,15,14,17,15,14,13,16,41,18,19,20,21,18,19,20,21,17,18,19,20,41,22,23,20,19,22,23,24,25,21,22,19,18,41,24,23,22,25,26,23,22,27,23,22,21,24,41,24,25,13,12,26,27,28,29,23,24,12,11,41,26,18,21,27,30,18,21,31,25,17,20,26,41,28,29,30,31,32,33,34,35,27,28,6,29,41,5,4,31,30,5,4,35,34,5,4,29,6,41,29,32,33,30,33,36,37,34,28,30,31,6,41,5,30,33,8,5,34,37,8,5,6,31,5,41,34,35,33,32,38,39,37,36,32,33,31,30,41,11,8,33,35,11,8,37,39,10,5,31,33,41,36,37,38,39,40,41,42,43,34,35,36,37,41,16,17,38,37,16,17,42,41,15,16,36,35,41,40,41,42,43,44,45,46,47,38,39,40,41,41,43,44,45,40,48,49,50,51,41,42,43,38,41,44,46,47,45,49,52,53,50,42,44,45,43,41,46,36,39,47,52,54,55,53,44,34,37,45,41,26,27,42,41,30,31,46,45,25,26,40,39,41,15,3,2,12,15,3,2,12,14,3,2,11,41,24,12,2,1,26,29,2,1,23,11,2,1,41,15,16,4,3,15,16,4,3,14,15,4,3,41,21,20,10,9,21,20,10,9,20,19,9,8,41,23,7,10,20,23,7,10,24,22,7,9,19,41,21,9,11,27,21,9,11,31,20,8,10,26,41,37,36,28,31,41,40,32,35,35,34,27,29,41,46,29,28,36,52,33,32,54,44,28,27,34,41,16,37,31,4,16,41,35,4,15,35,29,4,41,34,43,42,35,38,47,46,39,32,41,40,33,41,44,43,34,32,49,48,38,36,42,41,32,30,41,27,11,35,42,31,11,39,46,26,10,33,40,41,24,1,7,23,26,1,7,23,23,1,7,22,41,44,32,29,46,49,36,33,52,42,30,28,44],
    "vertices": [-208.557,1003.2,3.27692,-208.557,1003.2,5.06892,-208.231,1001.44,4.77882,-208.185,1001.21,3.27672,-208.187,1001.21,-3.84958,-208.558,1003.2,-3.84938,-214.781,1039.73,3.28362,-214.781,1039.73,5.07682,-214.783,1039.73,-3.84148,-215.152,1041.72,3.28372,-215.107,1041.49,4.82152,-215.154,1041.72,-3.84128,-208.622,1000.93,5.23252,-210.325,1000.65,5.23292,-210.267,1000.36,3.27702,-208.564,1000.63,3.27672,-208.566,1000.63,-3.84948,-210.269,1000.36,-3.84908,-217.422,1041.87,3.28422,-217.364,1041.58,5.28252,-215.661,1041.85,5.28212,-215.719,1042.15,3.28392,-216.956,1039.37,5.59562,-215.254,1039.65,5.59522,-209.029,1003.13,5.58742,-210.731,1002.85,5.58782,-217.423,1041.87,-3.84078,-215.72,1042.15,-3.84108,-208.241,1001.48,-12.4878,-208.56,1003.21,-12.7676,-208.56,1003.21,-10.9744,-208.188,1001.21,-10.9746,-214.784,1039.73,-12.7598,-214.784,1039.73,-10.9677,-215.088,1041.38,-12.4598,-215.155,1041.72,-10.9675,-208.634,1000.97,-12.9435,-208.567,1000.63,-10.9745,-210.27,1000.36,-10.9742,-210.337,1000.7,-12.9432,-217.341,1041.45,-12.9115,-217.425,1041.88,-10.9671,-215.722,1042.15,-10.9674,-215.638,1041.72,-12.9119,-215.257,1039.65,-13.278,-216.959,1039.38,-13.2777,-209.033,1003.13,-13.2859,-210.734,1002.85,-13.2855]
}