{
    "uvs": [[-0.01229,1.04407,-0.02152,1.0504,-0.049122,1.04718,-0.039885,1.04085,0.006075,1.05363,0.015327,1.04412,-0.113304,0.996279,-0.121223,0.48817,-0.093609,0.488217,-0.08569,0.996325,0.042941,1.04417,0.015559,0.996496,0.02478,0.993336,0.070551,1.04421,0.015342,1.04094,-0.002864,0.999636,1.07407,1.00145,1.04624,1.04585,1.02784,1.04265,1.04645,1.0014,-0.076658,1.03126,-0.095082,1.03441,-0.030432,0.990068,-0.038382,0.48831,-0.030463,0.996419,0.033983,0.993352,0.098168,1.04426,0.549422,0.997395,0.549174,1.04819,-0.002833,0.99329,-0.012058,0.996449,-0.030447,0.993243,-0.002818,0.990114,-0.002849,0.996465,-0.012275,1.0409,-0.012073,0.999621,-0.03987,1.03767,0.024796,0.990161,0.55993,0.486142,1.01094,0.490077,1.00043,1.00133,0.007656,0.485212,0.035269,0.485258,0.006385,0.99013,-0.002802,0.986939,-0.010771,0.488356,0.098121,1.05378,0.070504,1.05374,0.549128,1.05772,0.033688,1.05367,-0.06748,1.03763,-0.07672,1.04396,1.04776,0.490139,1.07537,0.490185,1.03725,1.00139,-0.00919,-0.059899,-2.8e-05,-0.05036,-0.027642,-0.050406,-0.036816,-0.05677,0.027632,-0.059837,0.027601,-0.053487,-0.073884,-0.006034,-0.101494,-0.00608,0.045761,-0.002659,0.027369,-0.005863,0.055197,-0.050267,0.082829,-0.053394,0.027586,-0.050313,0.018179,-0.009054,1.04006,-0.042257,1.0585,-0.048577,1.08589,-0.004081,1.05826,-0.000954,-0.0829,-0.044148,-0.064504,-0.040942,-0.018684,0.000408,-0.009469,-0.002752,0.119645,-0.053332,0.045746,0.000517,0.561464,-0.052588,0.561216,-0.001791,-0.000245,-0.00591,0.008942,-0.002721,0.018132,0.00047,-0.009485,0.000424,0.018163,-0.005879,0.018148,-0.002705,0.008927,0.000455,0.03654,0.000501,-0.027657,-0.047231,0.018117,0.003645,0.082875,-0.062918,0.119691,-0.062856,0.570717,-0.062096,0.57067,-0.052572,0.055259,-0.062964,0.055212,-0.05344,-0.046068,-0.047262,-0.064442,-0.053642,1.04906,-0.000969,1.01224,-0.001031,-0.085922,1.04395,-0.104284,1.03439,-0.058343,1.05034,1.08325,1.00464,1.06466,1.04271,1.08457,0.490201,1.0002,1.04895,-0.021536,1.05358,0.098106,1.05696,0.070489,1.05691,0.033673,1.05685,-0.009175,-0.063073,0.027648,-0.063011,-0.036801,-0.059946,1.07688,-0.042195,1.09509,-0.004065,-0.092106,-0.044164,1.03091,-0.054973,1.03093,-0.058148,1.01247,-0.048655,1.02168,-0.048639,0.082891,-0.066093,1.0094,1.04896,1.01858,1.05533]],
    "metadata": {
        "version": 3,
        "uvs": 1,
        "generator": "io_three",
        "vertices": 183,
        "normals": 183,
        "faces": 160,
        "type": "Geometry"
    },
    "name": "birka_sidenie.001Geometry",
    "normals": [-0.99881,0.029023,-0.038697,-0.968688,0.014618,0.24781,-0.968322,0.019929,0.248787,-0.998627,0.034394,-0.039155,-0.998871,0.027253,-0.038636,-0.96878,0.012848,0.247505,0.007965,0.981506,0.191168,0.041322,0.981017,0.189428,0.011353,0.995361,-0.095492,-0.021607,0.995666,-0.090365,-0.683981,0.052278,-0.727592,0.380535,0.245796,-0.891476,0.259621,0.297342,-0.91879,-0.685385,0.057131,-0.725913,-0.684072,0.052248,-0.7275,0.438215,0.031861,-0.898282,-0.050264,-0.993255,0.104465,-0.49794,-0.84579,0.191504,-0.5356,-0.827784,-0.166845,-0.08121,-0.978484,-0.189642,-0.445692,0.892483,-0.069094,-0.412305,0.876553,0.248238,-0.05475,-0.36137,-0.930784,-0.087588,0.661397,-0.744896,-0.065859,0.654225,-0.75341,-0.104587,-0.427412,-0.897946,-0.34547,0.649312,-0.67748,0.197302,-0.217872,-0.955809,0.014222,0.271065,-0.962432,-0.685842,0.054994,-0.725639,-0.116062,0.049532,-0.991974,-0.684744,0.05179,-0.72689,0.882748,-0.460616,0.092349,0.839534,-0.439985,-0.318644,0.362255,-0.855434,-0.370098,0.413831,-0.852199,0.320078,0.970855,-0.013672,-0.239204,0.999176,-0.027131,0.03,-0.684255,0.054323,-0.727195,0.37022,-0.177496,-0.911802,-0.683645,0.061922,-0.727165,0.903989,0.406201,0.133183,0.860836,0.426771,-0.277078,0.455061,0.797296,0.396466,0.34788,0.872921,-0.341929,-0.104312,0.049562,-0.993286,-0.105228,0.01709,-0.994293,-0.114841,0.023347,-0.993103,0.053468,0.949095,0.310343,-0.000488,0.978729,-0.205084,0.369518,-0.619434,0.692618,0.624043,-0.57796,0.525803,0.14243,-0.819391,0.555223,0.650441,0.496536,0.574755,0.398755,0.534288,0.745323,0.183508,0.756737,0.627369,0.885891,0.336833,0.318857,0.986663,-0.032991,0.159276,0.002319,-0.975372,0.220496,0.031129,-0.880612,0.472793,-0.076357,0.548082,-0.832911,0.867214,-0.408673,0.284402,-0.99881,0.027741,-0.039369,-0.968566,0.013276,0.248268,-0.968749,0.013092,0.247597,-0.998871,0.027497,-0.038667,-0.998749,0.027894,-0.041444,-0.968078,0.013245,0.250221,-0.998871,0.027314,-0.038697,-0.96878,0.01294,0.247566,-0.926298,0.374035,-0.044801,-0.892911,0.358043,0.272866,-0.041505,-0.980682,-0.191137,-0.011139,-0.995148,0.097476,-0.12595,-0.582507,-0.802972,-0.098331,-0.581988,-0.807215,-0.053621,-0.948576,-0.311899,0.07654,0.830775,0.551286,0.99884,-0.027924,0.038911,0.968719,-0.01352,-0.247688,0.968627,-0.008087,-0.248329,0.998932,-0.022584,0.039949,0.99881,-0.029664,0.038514,0.968749,-0.015259,-0.247475,0.044679,0.994232,-0.097385,0.074282,0.980041,0.184271,-0.383923,0.32664,-0.863613,-0.548479,0.265938,-0.792718,0.517655,0.026215,-0.855159,0.517045,0.024689,-0.855586,0.517808,0.026246,-0.855068,-0.615162,0.054537,-0.786493,0.452773,-0.849178,-0.271798,0.490402,-0.867183,0.08655,0.028626,-0.994934,0.096103,-0.002258,-0.980193,-0.197882,0.492355,0.85699,0.152135,0.458937,0.872982,-0.165075,-0.157353,-0.359294,-0.919828,-0.042573,0.660421,-0.749657,0.223121,0.637013,-0.737815,-0.40257,-0.204779,-0.892148,0.517808,0.025422,-0.855098,-0.129307,0.476211,-0.869747,0.518052,0.026032,-0.854915,-0.093204,0.049379,-0.994415,-0.905759,-0.402142,-0.133457,-0.862514,-0.422864,0.27784,-0.373424,-0.83517,0.40376,-0.468032,-0.83755,-0.281808,-0.999115,0.028932,-0.030061,-0.970794,0.015412,0.239387,-0.327342,0.814325,0.479232,-0.419019,0.885952,-0.198614,-0.560564,-0.157201,-0.813013,0.51796,0.028382,-0.854915,0.517533,0.036012,-0.854885,-0.880795,0.4644,-0.091922,-0.837703,0.44377,0.318247,-0.523789,-0.553056,0.647847,-0.241829,-0.606098,0.757714,-0.057527,-0.815088,0.576403,-0.01529,0.761559,0.647877,-0.210364,0.548021,0.809564,-0.493515,0.521378,0.696127,-0.783898,0.372875,0.496414,-0.931608,0.008301,0.363353,-0.804682,-0.37257,0.462203,0.968749,-0.015015,-0.247505,0.99881,-0.029389,0.038484,0.998779,-0.029176,0.039125,0.968596,-0.01474,-0.248177,0.998718,-0.029237,0.041078,0.968078,-0.014588,-0.250191,0.99881,-0.029603,0.038484,0.968749,-0.015229,-0.247475,0.911374,0.3343,-0.239998,0.944792,0.318278,0.077761,-0.070437,-0.583819,-0.808802,-0.095279,0.022889,-0.995178,-0.840938,0.325388,0.432356,-0.340831,0.848018,0.405774,-0.9223,0.012757,0.386242,0.032929,-0.698264,0.715049,0.089969,-0.205969,0.974395,0.081545,-0.1995,0.97647,-0.371746,-0.782098,0.500107,0.023438,0.944334,0.328104,-0.687887,0.280435,-0.669393,0.060793,-0.697134,0.714316,0.098666,-0.212531,0.972137,-0.406171,-0.540819,-0.736534,-0.702139,-0.123386,-0.701254,0.055147,0.943266,0.327372,-0.922971,0.007141,0.384747,-0.923154,0.005249,0.38432,-0.922575,0.005463,0.385693,-0.923093,0.005402,0.384472,-0.921171,0.00531,0.38905,-0.923124,0.00528,0.384381,0.982604,-0.034028,0.182409,0.982635,-0.035951,0.18186,0.982482,-0.028413,0.184088,0.086367,0.9429,0.321604,0.116855,-0.200232,0.972747,0.107913,-0.206366,0.972472,0.088076,-0.699484,0.709159,0.434523,-0.799646,0.41438,0.218848,-0.55443,-0.802911,0.45436,0.830836,0.321268,0.940031,-0.335795,0.059511,0.929807,-0.283181,0.234962,0.98178,-0.035798,0.186499,0.926054,0.287088,0.24485,0.543321,0.253914,-0.800165,0.533311,-0.150212,-0.832453,0.903684,-0.318369,-0.286233,0.982665,-0.03589,0.181768,0.982665,-0.035737,0.181768,-0.95642,-0.278115,-0.088687,-0.920072,-0.29548,0.257149,-0.870907,-0.244209,0.426405,0.982452,-0.035646,0.18305],