{
    "uvs": [[0.9888,0.4368,0.9639,0.4368,0.9639,0.4111,0.9888,0.4112,0.9222,0.544,0.9471,0.5439,0.9472,0.5698,0.9223,0.5699,0.9639,0.409,0.9888,0.409,0.7806,0.7688,0.7827,0.7694,0.776,0.7942,0.7738,0.7938,0.6403,0.7898,0.6403,0.7933,0.6154,0.7933,0.6154,0.7898,0.2236,0.4358,0.2228,0.4327,0.2249,0.4324,0.2268,0.4373,0.9888,0.44,0.9639,0.44,0.7752,0.7973,0.772,0.7987,0.2161,0.408,0.2182,0.4074,0.6403,0.7865,0.6403,0.7879,0.6154,0.7879,0.6154,0.7865,0.6403,0.785,0.6154,0.785,0.6403,0.7836,0.6154,0.7836,0.6403,0.7821,0.6154,0.7821,0.6403,0.7807,0.6154,0.7807,0.6403,0.7792,0.6154,0.7792,0.6403,0.7778,0.6154,0.7778,0.6154,0.7763,0.6403,0.7763,0.6154,0.7749,0.6403,0.7749,0.6154,0.7734,0.6403,0.7735,0.6403,0.772,0.6154,0.772,0.6403,0.7706,0.6154,0.7706,0.6403,0.7691,0.6154,0.7691,0.6403,0.7677,0.6154,0.7677,0.6403,0.7662,0.6154,0.7662,0.2278,0.4315,0.2285,0.438,0.7703,0.7994,0.769,0.8001,0.7638,0.7987,0.771,0.7929,0.7676,0.8004,0.7662,0.8003,0.7649,0.7997,0.7631,0.7975,0.7628,0.7961,0.7635,0.7933,0.7629,0.7946,0.7686,0.7914,0.7645,0.7922,0.7657,0.7915,0.7671,0.7912,0.7699,0.7919,0.6403,0.7632,0.6154,0.7632,0.2289,0.4305,0.2302,0.4299,0.2317,0.4298,0.2343,0.4308,0.2331,0.4301,0.2358,0.436,0.2353,0.4319,0.2359,0.4332,0.2361,0.4346,0.235,0.4373,0.234,0.4383,0.2312,0.439,0.2326,0.4389,0.2298,0.4387]],
    "metadata": {
        "version": 3,
        "uvs": 1,
        "generator": "io_three",
        "vertices": 44,
        "normals": 44,
        "faces": 46,
        "type": "Geometry"
    },
    "name": "podgolovnik_jet_black_metalGeometry",
    "normals": [0.693564,0.141606,-0.70632,0.692434,0.139256,0.707877,0.680105,-0.451399,0.577624,0.681051,-0.450667,-0.577105,-0.450423,-0.680135,-0.578356,-0.451674,-0.681082,0.576281,-0.227577,-0.349834,0.908719,-0.224525,-0.348186,-0.910123,0.31196,0.633473,0.70806,0.62804,0.464919,0.624012,0.629109,0.46614,-0.621998,0.316324,0.63567,-0.704154,0.307566,0.67156,0.674093,0.337168,0.603565,0.722495,0.337687,0.603351,-0.722434,0.307321,0.672811,-0.672933,0.084658,0.733726,0.674123,0.084689,0.734825,-0.672933,-0.146489,0.723899,0.674123,-0.146153,0.725059,-0.672964,-0.363262,0.643178,0.674032,-0.362712,0.644551,-0.672994,-0.544389,0.499405,0.67394,-0.54384,0.501114,-0.673116,-0.672231,0.306711,0.673788,-0.671834,0.308664,-0.673299,-0.734306,0.083926,0.673574,-0.734153,0.086032,-0.673482,-0.724662,-0.145085,-0.673635,-0.724509,-0.147099,0.67336,-0.644093,-0.362011,-0.673818,-0.643727,-0.363811,0.673177,-0.500381,-0.543474,-0.67394,-0.499985,-0.544969,0.673055,-0.307321,-0.672781,0.672933,-0.307566,-0.671529,-0.674093,-0.084658,-0.734794,0.672933,-0.084628,-0.733696,-0.674154,0.146184,-0.725089,0.672933,0.146519,-0.723899,-0.674123,0.362712,-0.644581,0.672964,0.363231,-0.643147,-0.674062,0.283303,-0.58977,0.756188,0.286172,-0.586535,-0.757653],
    "faces": [41,0,1,2,3,0,1,2,3,0,1,2,3,41,4,5,6,7,4,5,6,7,4,5,6,7,41,5,4,3,2,8,9,3,2,5,4,3,2,41,5,2,1,6,10,11,12,13,5,2,1,6,41,8,9,10,11,14,15,16,17,8,9,10,11,41,10,0,7,11,18,19,20,21,10,0,7,11,41,0,10,9,1,0,22,23,1,0,10,9,1,41,9,8,6,1,24,25,13,12,9,8,6,1,41,0,3,4,7,19,26,27,20,0,3,4,7,41,12,13,14,15,28,29,30,31,12,13,14,15,41,16,12,15,17,32,28,31,33,16,12,15,17,41,18,16,17,19,34,32,33,35,18,16,17,19,41,20,18,19,21,36,34,35,37,20,18,19,21,41,22,20,21,23,38,36,37,39,22,20,21,23,41,24,22,23,25,40,38,39,41,24,22,23,25,41,26,24,25,27,42,40,41,43,26,24,25,27,41,26,27,28,29,42,43,44,45,26,27,28,29,41,28,30,31,29,44,46,47,45,28,30,31,29,41,30,32,33,31,46,48,49,47,30,32,33,31,41,34,33,32,35,50,49,48,51,34,33,32,35,41,36,34,35,37,52,50,51,53,36,34,35,37,41,38,36,37,39,54,52,53,55,38,36,37,39,41,40,38,39,41,56,54,55,57,40,38,39,41,41,42,40,41,43,58,56,57,59,42,40,41,43,41,43,14,11,7,60,61,21,20,43,14,11,7,41,13,12,22,42,62,63,64,65,13,12,22,42,41,12,16,18,22,63,66,67,64,12,16,18,22,40,18,20,22,67,68,64,18,20,22,41,22,24,26,31,64,69,70,71,22,24,26,31,40,26,29,31,70,72,71,26,29,31,41,42,22,31,38,65,64,71,73,42,22,31,38,41,31,33,34,38,71,74,75,73,31,33,34,38,40,34,36,38,75,76,73,34,36,38,40,42,38,40,65,73,77,42,38,40,41,14,13,8,11,30,29,14,17,14,13,8,11,41,6,42,43,7,78,58,59,79,6,42,43,7,41,41,39,37,32,80,81,82,83,41,39,37,32,40,37,35,32,82,84,83,37,35,32,41,43,41,32,25,60,80,83,85,43,41,32,25,41,32,30,28,25,83,86,87,85,32,30,28,25,40,28,27,25,87,88,85,28,27,25,41,25,23,21,17,85,89,90,91,25,23,21,17,40,21,19,17,90,92,91,21,19,17,41,25,17,14,43,85,91,61,60,25,17,14,43,40,17,15,14,91,93,61,17,15,14,41,8,13,42,6,25,62,65,13,8,13,42,6],
    "vertices": [-226.964,1163.66,-28.8779,-227.005,1163.66,21.1231,-216.776,1113.19,21.0471,-216.734,1113.18,-28.954,-220.992,1112.32,-28.9601,-221.033,1112.32,21.0409,-231.363,1163.29,21.1177,-231.321,1163.29,-28.8833,-234.425,1173.3,21.1317,-228.286,1169.98,21.1327,-228.244,1169.98,-28.8684,-234.383,1173.3,-28.8694,-240.216,1176.52,21.043,-237.796,1174.92,21.0405,-237.802,1174.91,-28.8067,-240.221,1176.52,-28.8042,-243.014,1177.3,21.044,-243.02,1177.3,-28.8032,-245.916,1177.18,21.0434,-245.922,1177.18,-28.8039,-248.639,1176.17,21.0412,-248.645,1176.16,-28.806,-250.916,1174.36,21.0378,-250.922,1174.36,-28.8094,-252.524,1171.94,21.0334,-252.529,1171.94,-28.8139,-253.305,1169.14,21.0284,-253.311,1169.14,-28.8189,-253.189,1166.24,-28.8239,-253.184,1166.24,21.0233,-252.177,1163.52,-28.8285,-252.171,1163.52,21.0187,-250.373,1161.24,-28.8322,-250.367,1161.24,21.015,-247.947,1159.64,21.0125,-247.953,1159.63,-28.8347,-245.149,1158.86,21.0116,-245.155,1158.85,-28.8357,-242.247,1158.98,21.0122,-242.253,1158.98,-28.8351,-239.524,1159.99,21.0143,-239.53,1159.99,-28.8329,-237.247,1161.8,21.0178,-237.253,1161.79,-28.8295]
}