{
    "metadata": {
        "type": "Geometry",
        "version": 3,
        "faces": 40,
        "vertices": 48,
        "uvs": 1,
        "generator": "io_three",
        "normals": 47
    },
    "normals": [0.976684,0.214545,6.1e-05,0.909787,0.167119,0.379925,0.950041,-0.096286,0.296854,0.984436,-0.172735,0.031404,0.987579,-0.157109,-0.000244,0.976653,0.214698,-0.000153,0.976684,0.214545,-0.000244,0.89874,0.224769,0.376446,0.819636,0.5721,0.028718,0.821619,0.486801,0.296457,0.828486,0.559984,-6.1e-05,0.515671,-0.557085,0.650899,0.139531,-0.690085,0.710135,0.197241,-0.977355,0.076357,0.570757,-0.818079,0.070162,0.577044,-0.816675,-0.000275,0.197821,-0.980224,-0.000214,-0.197272,0.977538,0.074068,-0.14011,0.694571,0.705618,0.248177,0.714927,0.653615,0.195227,0.978454,0.066866,-0.013672,0.068484,0.997528,0.374218,0.146184,0.915708,0.3979,0.013428,0.917295,0.015778,-0.07651,0.996918,-0.197821,0.980224,0.000214,0.202124,0.979339,0.000122,0.949004,-0.093509,-0.300974,0.909665,0.167669,-0.379925,0.976684,0.214545,-0.000275,0.983947,-0.174596,-0.036225,0.89584,0.231452,-0.379315,0.976714,0.214484,0.000153,0.8211,0.482681,-0.304544,0.815271,0.577288,-0.045045,0.513199,-0.550218,-0.65865,0.569842,-0.817866,-0.079653,0.197058,-0.976531,-0.086673,0.137669,-0.682241,-0.718009,-0.137516,0.68038,-0.71981,-0.19657,0.974242,-0.110355,0.192389,0.976226,-0.099612,0.246925,0.702506,-0.667409,0.369366,0.16071,-0.91525,-0.017518,0.085238,-0.996185,0.397443,0.014679,-0.917478,0.015046,-0.075137,-0.99704],
    "vertices": [-172.229,1008.12,3.27692,-172.228,1008.12,5.06892,-171.833,1006.37,4.77882,-171.778,1006.14,3.27672,-171.78,1006.14,-3.84958,-172.23,1008.12,-3.84938,-179.904,1044.37,3.28362,-179.904,1044.37,5.07683,-179.905,1044.37,-3.84147,-180.354,1046.34,3.28373,-180.299,1046.11,4.82153,-180.355,1046.34,-3.84127,-172.203,1005.84,5.23252,-173.894,1005.5,5.23292,-173.824,1005.21,3.27702,-172.134,1005.55,3.27672,-172.135,1005.55,-3.84948,-173.826,1005.21,-3.84908,-182.628,1046.4,3.28423,-182.559,1046.11,5.28252,-180.868,1046.46,5.28212,-180.937,1046.75,3.28392,-182.062,1043.93,5.59562,-180.373,1044.27,5.59522,-172.698,1008.02,5.58742,-174.387,1007.68,5.58782,-182.629,1046.41,-3.84077,-180.939,1046.75,-3.84108,-171.844,1006.41,-12.4878,-172.232,1008.12,-12.7676,-172.232,1008.12,-10.9744,-171.781,1006.14,-10.9746,-179.907,1044.37,-12.7598,-179.907,1044.37,-10.9677,-180.276,1046,-12.4598,-180.357,1046.34,-10.9675,-172.217,1005.89,-12.9435,-172.137,1005.55,-10.9745,-173.828,1005.21,-10.9742,-173.907,1005.54,-12.9432,-182.529,1045.98,-12.9115,-182.631,1046.41,-10.9671,-180.94,1046.75,-10.9674,-180.839,1046.32,-12.9119,-180.376,1044.27,-13.278,-182.066,1043.93,-13.2777,-172.701,1008.03,-13.2859,-174.391,1007.68,-13.2855],
    "uvs": [[0.003911,-0.004507,-0.046028,-0.004507,-0.040478,-0.054446,0.003911,-0.059995,0.49654,-0.059995,0.49654,-0.004507,0.003911,1.01642,-0.046028,1.01642,0.49654,1.01642,0.003911,1.07191,-0.040478,1.06636,0.49654,1.07191,-0.051574,-0.076641,-0.057123,-0.126575,-0.001638,-0.126575,0.003911,-0.076641,0.49654,-0.08219,0.49654,-0.132124,0.003911,1.14404,-0.051574,1.13849,-0.051574,1.08855,0.003911,1.0941,-0.112608,1.01642,-0.062673,1.01642,-0.062673,1.07746,-0.112608,1.08301,-0.062673,-0.004507,-0.118157,-0.004507,-0.112608,-0.065544,-0.057123,-0.065544,0.49654,1.14404,0.49654,1.0941,1.04706,-0.054446,1.05261,-0.004507,1.00822,-0.004507,1.00822,-0.059995,1.05816,1.01642,1.00822,1.01642,1.04706,1.06081,1.00822,1.07191,1.05816,-0.076641,1.00822,-0.076641,1.00822,-0.132124,1.06371,-0.126575,1.06371,1.13849,1.00822,1.14404,1.00822,1.08855,1.06371,1.08301,1.06925,1.07746,1.0748,1.01642,1.12474,1.01642,1.12474,1.07746,1.0748,-0.004507,1.12474,-0.004507,1.06925,-0.065544,1.11919,-0.065544]],
    "name": "birka_spinkaGeometry",
    "faces": [41,0,1,2,3,0,1,2,3,0,1,2,3,41,0,3,4,5,0,3,4,5,0,3,4,5,41,0,6,7,1,0,6,7,1,0,6,7,1,41,6,0,5,8,6,0,5,8,6,0,5,5,41,6,9,10,7,6,9,10,7,6,8,9,7,41,6,8,11,9,6,8,11,9,6,5,10,8,41,12,13,14,15,12,13,14,15,11,12,13,14,41,16,15,14,17,16,15,14,17,15,14,13,16,41,18,19,20,21,18,19,20,21,17,18,19,20,41,22,23,20,19,22,23,24,25,21,22,19,18,41,24,23,22,25,26,23,22,27,23,22,21,24,41,24,25,13,12,26,27,28,29,23,24,12,11,41,26,18,21,27,30,18,21,31,25,17,20,26,41,28,29,30,31,32,33,34,35,27,28,29,30,41,5,4,31,30,5,4,35,34,5,4,30,29,41,29,32,33,30,33,36,37,34,28,31,32,29,41,5,30,33,8,5,34,37,8,5,29,32,5,41,34,35,33,32,38,39,37,36,33,34,32,31,41,11,8,33,35,11,8,37,39,10,5,32,34,41,36,37,38,39,40,41,42,43,35,36,37,38,41,16,17,38,37,16,17,42,41,15,16,37,36,41,40,41,42,43,44,45,46,47,39,40,41,42,41,43,44,45,40,48,49,50,51,42,43,44,39,41,44,46,47,45,49,52,53,50,43,45,46,44,41,46,36,39,47,52,54,55,53,45,35,38,46,41,26,27,42,41,30,31,46,45,25,26,41,40,41,15,3,2,12,15,3,2,12,14,3,2,11,41,24,12,2,1,26,29,2,1,23,11,2,1,41,15,16,4,3,15,16,4,3,14,15,4,3,41,21,20,10,9,21,20,10,9,20,19,9,8,41,23,7,10,20,23,7,10,24,22,7,9,19,41,21,9,11,27,21,9,11,31,20,8,10,26,41,37,36,28,31,41,40,32,35,36,35,27,30,41,46,29,28,36,52,33,32,54,45,28,27,35,41,16,37,31,4,16,41,35,4,15,36,30,4,41,34,43,42,35,38,47,46,39,33,42,41,34,41,44,43,34,32,49,48,38,36,43,42,33,31,41,27,11,35,42,31,11,39,46,26,10,34,41,41,24,1,7,23,26,1,7,23,23,1,7,22,41,44,32,29,46,49,36,33,52,43,31,28,45]
}