{
    "metadata": {
        "type": "Geometry",
        "version": 3,
        "faces": 160,
        "vertices": 183,
        "uvs": 1,
        "generator": "io_three",
        "normals": 183
    },
    "normals": [-0.969481,0.032991,-0.242866,-0.999084,-0.011841,0.040559,-0.999084,-0.006714,0.042207,-0.969298,0.038392,-0.242805,-0.969512,0.03119,-0.242927,-0.999084,-0.013581,0.04001,-0.053621,0.955504,0.289987,-0.020631,0.955199,0.295206,0.00882,0.999847,0.01297,-0.024506,0.999634,0.011383,-0.519333,0.12946,-0.844661,0.551439,0.339457,-0.761986,0.437666,0.393719,-0.808313,-0.521226,0.13422,-0.842769,-0.519456,0.129521,-0.8446,0.613971,0.127384,-0.778954,-0.048769,-0.998718,-0.012421,-0.50792,-0.861354,-0.005737,-0.470901,-0.80517,-0.360424,-0.018342,-0.952635,-0.303537,-0.441389,0.894772,-0.06711,-0.474136,0.845119,0.246834,0.147343,-0.259896,-0.954314,0.053987,0.737022,-0.673666,0.077212,0.730644,-0.678365,0.093265,-0.329295,-0.939604,-0.211798,0.717887,-0.663106,0.395917,-0.114811,-0.911069,0.20719,0.372143,-0.904721,-0.521805,0.132054,-0.842769,0.090945,0.154973,-0.983703,-0.520371,0.128971,-0.844111,0.854457,-0.467849,0.225806,0.896908,-0.403516,-0.180761,0.449965,-0.81106,-0.37373,0.357433,-0.881405,0.308695,0.99942,0.012024,-0.031709,0.971587,-0.030274,0.234718,-0.519639,0.131535,-0.844172,0.55501,-0.079257,-0.828028,-0.519089,0.139134,-0.843287,0.847468,0.389599,0.360485,0.88992,0.45381,-0.045442,0.345286,0.750572,0.563372,0.391583,0.904447,-0.169042,0.102725,0.155187,-0.982513,0.102756,0.122959,-0.98706,0.092959,0.129032,-0.987243,-0.033082,0.910642,0.411786,0.020234,0.995025,-0.097324,0.231788,-0.689657,0.685995,0.514359,-0.630696,0.581042,0.042451,-0.873714,0.484542,0.506027,0.432386,0.746269,0.223853,0.452223,0.863338,0.032685,0.685934,0.72689,0.792718,0.300821,0.530137,0.932646,-0.049715,0.357311,-0.02176,-0.993286,0.113468,-0.047945,-0.925779,0.374981,0.085726,0.6339,-0.768609,0.798303,-0.436689,0.414655,-0.96939,0.03177,-0.243416,-0.999054,-0.013245,0.040803,-0.999084,-0.013337,0.039979,-0.969512,0.031434,-0.242897,-0.968871,0.032167,-0.24543,-0.998962,-0.013459,0.042879,-0.969512,0.03122,-0.242927,-0.999084,-0.01352,0.039918,-0.904904,0.376812,-0.197821,-0.937834,0.326853,0.116642,0.020814,-0.95468,-0.296884,-0.009003,-0.999878,-0.01117,0.056185,-0.493515,-0.867916,0.084078,-0.49263,-0.866146,0.033235,-0.90994,-0.413373,-0.057894,0.767388,0.638539,0.969451,-0.031892,0.243141,0.999084,0.013001,-0.040498,0.998993,0.018433,-0.040376,0.969207,-0.026704,0.244697,0.969512,-0.033601,0.242622,0.999115,0.0112,-0.040498,0.041841,0.998932,0.018036,0.012696,0.954833,0.296823,-0.203833,0.416852,-0.8858,-0.378063,0.348918,-0.857479,0.683004,0.117222,-0.720908,0.682333,0.115757,-0.721763,0.682943,0.117283,-0.720969,-0.440077,0.138127,-0.887265,0.51796,-0.815363,-0.258553,0.481033,-0.871395,0.09595,0.030183,-0.999512,-0.004273,0.060579,-0.953459,-0.295267,0.430982,0.835932,0.339732,0.463729,0.885556,0.026154,0.04471,-0.259285,-0.964751,0.099094,0.736412,-0.66921,0.356945,0.712088,-0.604541,-0.204352,-0.108646,-0.972839,0.683004,0.116459,-0.721061,0.043184,0.566546,-0.822871,0.683279,0.117038,-0.720695,0.113804,0.155095,-0.981292,-0.8493,-0.385754,-0.360302,-0.891751,-0.450148,0.046175,-0.430403,-0.873409,0.227668,-0.380657,-0.802728,-0.458968,-0.971618,0.031922,-0.234352,-0.99942,-0.010132,0.032014,-0.437544,0.75866,0.48262,-0.388348,0.902127,-0.187841,-0.376324,-0.069857,-0.923826,0.683035,0.119327,-0.720542,0.682546,0.126926,-0.719718,-0.852779,0.47148,-0.224525,-0.895138,0.4073,0.181066,-0.634419,-0.619068,0.462813,-0.380413,-0.683432,0.623035,-0.15775,-0.8717,0.463881,-0.166143,0.688162,0.706259,-0.385662,0.458785,0.80047,-0.638569,0.444227,0.628346,-0.877895,0.317789,0.358135,-0.986633,-0.030488,0.160009,-0.874538,-0.419752,0.242775,0.999115,0.011444,-0.040407,0.969543,-0.033357,0.2425,0.96939,-0.033204,0.243171,0.999084,0.01178,-0.041108,0.968871,-0.033448,0.245155,0.998993,0.012146,-0.043001,0.969543,-0.03357,0.2425,0.999115,0.01117,-0.040345,0.933653,0.358013,-0.008515,0.900845,0.308298,0.305612,0.111698,-0.494156,-0.862148,0.112522,0.128819,-0.985229,-0.919279,0.277352,0.279244,-0.436415,0.79989,0.411939,-0.98236,-0.028474,0.184637,-0.100436,-0.770409,0.629536,-0.109348,-0.308481,0.944914,-0.118137,-0.302408,0.945799,-0.449751,-0.830988,0.327311,-0.066073,0.903897,0.422559,-0.540086,0.350291,-0.765191,-0.073092,-0.769127,0.634846,-0.100284,-0.314798,0.943815,-0.232368,-0.459181,-0.857387,-0.538652,-0.048006,-0.841151,-0.034883,0.90286,0.428449,-0.982635,-0.033815,0.182348,-0.982665,-0.035707,0.181768,-0.982421,-0.035676,0.183203,-0.982727,-0.035554,0.181555,-0.981689,-0.036164,0.186834,-0.982727,-0.035615,0.181494,0.923948,-0.053285,0.378704,0.9241,-0.055116,0.378063,0.923429,-0.047853,0.380749,-0.003143,0.903287,0.428999,-0.082888,-0.303018,0.949339,-0.091464,-0.308969,0.946654,-0.045289,-0.771111,0.63506,0.356822,-0.839381,0.409955,0.392773,-0.46556,-0.793054,0.359264,0.792169,0.493332,0.914487,-0.340251,0.218879,0.86697,-0.306558,0.392834,0.92233,-0.055483,0.382336,0.848659,0.259529,0.460829,0.69161,0.33787,-0.638325,0.697501,-0.06061,-0.713981,0.950255,-0.286081,-0.123142,0.924223,-0.055055,0.377789,0.924253,-0.054964,0.377728,-0.910855,-0.267037,-0.314646,-0.946593,-0.321238,0.027436,-0.934721,-0.288308,0.207709,0.923765,-0.054964,0.378979],