{
    "uvs":[[0.962,0.5363,0.962,0.5342,0.9801,0.5342,0.9801,0.5363,0.962,0.5383,0.9801,0.5383,0.962,0.5404,0.9801,0.5404,0.962,0.5425,0.9801,0.5425,0.962,0.5445,0.9801,0.5445,0.962,0.5094,0.962,0.5073,0.9801,0.5073,0.9801,0.5094,0.962,0.5115,0.9801,0.5115,0.962,0.5135,0.9801,0.5135,0.962,0.5156,0.9801,0.5156,0.962,0.5177,0.9801,0.5177,0.962,0.5197,0.9801,0.5197,0.962,0.5218,0.9801,0.5218,0.962,0.5239,0.9801,0.5239,0.962,0.5259,0.9801,0.5259,0.962,0.528,0.9801,0.528,0.962,0.5301,0.9801,0.5301,0.962,0.5321,0.9801,0.5321]],
    "metadata":{
        "generator":"io_three",
        "version":3,
        "uvs":1,
        "normals":19,
        "type":"Geometry",
        "faces":18,
        "vertices":36
    },
    "normals":[0.274178,0,-0.961669,0.586566,0,-0.80987,-0.07123,0,-0.997436,-0.408063,0,-0.912931,-0.6957,0,-0.718284,-0.899441,0,-0.437025,-0.994659,0,-0.10303,-0.969909,0,0.243324,-0.828181,0,0.560411,-0.828211,0,0.560411,-0.586566,0,0.80987,-0.274209,0,0.961638,0.07123,0,0.997436,0.408063,0,0.912931,0.6957,0,0.718284,0.899441,0,0.437025,0.994659,0,0.10303,0.969909,0,-0.243324,0.828181,0,-0.560411],
    "faces":[41,0,1,2,3,0,1,2,3,0,1,1,0,41,4,0,3,5,4,0,3,5,2,0,0,2,41,6,4,5,7,6,4,5,7,3,2,2,3,41,8,6,7,9,8,6,7,9,4,3,3,4,41,10,8,9,11,10,8,9,11,5,4,4,5,41,12,10,11,13,12,13,14,15,6,5,5,6,41,14,12,13,15,16,12,15,17,7,6,6,7,41,16,14,15,17,18,16,17,19,8,7,7,9,41,18,16,17,19,20,18,19,21,10,8,9,10,41,20,18,19,21,22,20,21,23,11,10,10,11,41,22,20,21,23,24,22,23,25,12,11,11,12,41,24,22,23,25,26,24,25,27,13,12,12,13,41,26,24,25,27,28,26,27,29,14,13,13,14,41,28,26,27,29,30,28,29,31,15,14,14,15,41,30,28,29,31,32,30,31,33,16,15,15,16,41,32,30,31,33,34,32,33,35,17,16,16,17,41,34,32,33,35,36,34,35,37,18,17,17,18,41,1,34,35,2,1,36,37,2,1,18,18,1],
    "name":"Chrome_leg.002Geometry",
    "vertices":[34.0364,352.77,-19.2772,39.0494,352.77,-16.8414,39.0494,304.001,-16.8414,34.0364,304.001,-19.2772,28.4927,352.77,-19.8515,28.4928,304.001,-19.8515,23.0869,352.77,-18.4952,23.0869,304.001,-18.4952,18.471,352.77,-15.3718,18.471,304.001,-15.3718,15.2018,352.77,-10.858,15.2018,304.001,-10.858,13.6735,352.77,-5.49826,13.6735,304.001,-5.49826,14.0705,352.77,0.060942,14.0705,304.001,0.060936,16.3449,352.77,5.14914,16.3449,304.001,5.14914,20.2224,352.77,9.15254,20.2224,304.001,9.15254,25.2353,352.77,11.5883,25.2354,304.001,11.5883,30.779,352.77,12.1627,30.779,304.001,12.1627,36.1848,352.77,10.8063,36.1849,304.001,10.8063,40.8008,352.77,7.68294,40.8008,304.001,7.68294,44.07,352.77,3.16914,44.07,304.001,3.16914,45.5983,352.77,-2.19056,45.5983,304.001,-2.19056,45.2013,352.77,-7.74976,45.2013,304.001,-7.74976,42.9269,352.77,-12.838,42.9269,304.001,-12.838]
}