{
    "vertices":[-198.08,988.609,3.17042,-198.079,988.609,4.96252,-197.803,986.841,4.67242,-197.763,986.607,3.17032,-197.765,986.608,-3.95598,-198.081,988.61,-3.95578,-203.294,1025.29,3.17712,-203.294,1025.29,4.97032,-203.295,1025.29,-3.94788,-203.61,1027.29,3.17732,-203.571,1027.06,4.71512,-203.611,1027.29,-3.94778,-198.208,986.336,5.12612,-199.918,986.109,5.12652,-199.868,985.812,3.17062,-198.158,986.038,3.17032,-198.16,986.04,-3.95588,-199.87,985.813,-3.95558,-205.874,1027.51,3.17772,-205.825,1027.21,5.17612,-204.115,1027.44,5.17572,-204.164,1027.74,3.17742,-205.477,1025,5.48922,-203.768,1025.23,5.48882,-198.554,988.545,5.48092,-200.263,988.314,5.48132,-205.876,1027.51,-3.94718,-204.166,1027.74,-3.94758,-197.811,986.879,-12.5943,-198.083,988.612,-12.8741,-198.083,988.612,-11.0808,-197.766,986.61,-11.081,-203.297,1025.3,-12.8662,-203.296,1025.3,-11.0741,-203.555,1026.95,-12.5663,-203.613,1027.3,-11.074,-198.218,986.381,-13.05,-198.161,986.041,-11.081,-199.871,985.815,-11.0807,-199.928,986.154,-13.0496,-205.805,1027.08,-13.018,-205.877,1027.51,-11.0735,-204.167,1027.74,-11.0738,-204.095,1027.31,-13.0183,-203.771,1025.23,-13.3845,-205.48,1025,-13.3841,-198.557,988.548,-13.3923,-200.266,988.317,-13.3919],
    "uvs":[[0.000234,-7e-06,-0.046762,6.6e-05,-0.041135,-0.046941,-4.6e-05,-0.05288,0.479931,-0.053628,0.480211,-0.000756,0.005521,0.998639,-0.041475,0.998713,0.491373,0.997881,0.0058,1.05151,-0.035351,1.0457,0.491652,1.05075,-0.052979,-0.064543,-0.053259,-0.117416,-0.000419,-0.12337,-0.000139,-0.070504,0.479838,-0.071252,0.479558,-0.124118,0.006174,1.122,-0.046729,1.11621,-0.046978,1.06921,0.005894,1.06913,-0.106098,0.998813,-0.059101,0.99874,-0.052915,1.05747,-0.105756,1.06343,-0.064388,9.3e-05,-0.117252,0.000176,-0.111695,-0.058577,-0.058823,-0.05866,0.492026,1.12124,0.491777,1.07425,1.03307,-0.048616,1.04507,-0.001638,0.99807,-0.001564,0.991914,-0.054427,1.05035,0.997009,1.00336,0.997082,1.04472,1.04401,1.00364,1.04995,1.0506,-0.066265,0.991821,-0.072051,0.997417,-0.124926,1.05032,-0.119137,1.05685,1.11449,1.00401,1.12044,1.00373,1.06757,1.05657,1.06161,1.06241,1.05574,1.06797,0.996982,1.11497,0.996908,1.11528,1.05565,1.06269,-0.001665,1.10968,-0.001738,1.0565,-0.0604,1.10937,-0.060482]],
    "metadata":{
        "type":"Geometry",
        "generator":"io_three",
        "uvs":1,
        "version":3,
        "vertices":48,
        "faces":40,
        "normals":47
    },
    "faces":[41,0,1,2,3,0,1,2,3,0,1,2,3,41,0,3,4,5,0,3,4,5,0,3,4,5,41,0,6,7,1,0,6,7,1,0,6,7,1,41,6,0,5,8,6,0,5,8,6,0,5,8,41,6,9,10,7,6,9,10,7,6,9,10,7,41,6,8,11,9,6,8,11,9,6,8,11,9,41,12,13,14,15,12,13,14,15,12,13,14,15,41,16,15,14,17,16,15,14,17,16,15,14,17,41,18,19,20,21,18,19,20,21,18,19,20,21,41,22,23,20,19,22,23,24,25,22,23,20,19,41,24,23,22,25,26,23,22,27,24,23,22,25,41,24,25,13,12,26,27,28,29,24,25,13,12,41,26,18,21,27,30,18,21,31,26,18,21,27,41,28,29,30,31,32,33,34,35,28,29,6,30,41,5,4,31,30,5,4,35,34,5,4,30,6,41,29,32,33,30,33,36,37,34,29,31,32,6,41,5,30,33,8,5,34,37,8,5,6,32,8,41,34,35,33,32,38,39,37,36,33,34,32,31,41,11,8,33,35,11,8,37,39,11,8,32,34,41,36,37,38,39,40,41,42,43,35,36,37,38,41,16,17,38,37,16,17,42,41,16,17,37,36,41,40,41,42,43,44,45,46,47,39,40,41,42,41,43,44,45,40,48,49,50,51,42,43,44,39,41,44,46,47,45,49,52,53,50,43,45,46,44,41,46,36,39,47,52,54,55,53,45,35,38,46,41,26,27,42,41,30,31,46,45,26,27,41,40,41,15,3,2,12,15,3,2,12,15,3,2,12,41,24,12,2,1,26,29,2,1,24,12,2,1,41,15,16,4,3,15,16,4,3,15,16,4,3,41,21,20,10,9,21,20,10,9,21,20,10,9,41,23,7,10,20,23,7,10,24,23,7,10,20,41,21,9,11,27,21,9,11,31,21,9,11,27,41,37,36,28,31,41,40,32,35,36,35,28,30,41,46,29,28,36,52,33,32,54,45,29,28,35,41,16,37,31,4,16,41,35,4,16,36,30,4,41,34,43,42,35,38,47,46,39,33,42,41,34,41,44,43,34,32,49,48,38,36,43,42,33,31,41,27,11,35,42,31,11,39,46,27,11,34,41,41,24,1,7,23,26,1,7,23,24,1,7,23,41,44,32,29,46,49,36,33,52,43,31,29,45],
    "name":"birka_spinkaGeometry.1",
    "normals":[0.988922,0.148228,6.1e-05,0.918973,0.105411,0.379955,0.941374,-0.160161,0.296854,0.97055,-0.238746,0.031373,0.9747,-0.223365,-0.000214,0.988922,0.148381,-0.000153,0.988952,0.148198,-0.000275,0.911863,0.163671,0.376415,0.988922,0.14835,-0.000153,0.856349,0.51558,0.028718,0.852596,0.430311,0.296457,0.864345,0.502884,-6.1e-05,0.476943,-0.590594,0.650899,0.092746,-0.697928,0.710105,0.130955,-0.988433,0.076327,0.514298,-0.854732,0.070132,0.520615,-0.853755,-0.000275,0.131291,-0.991333,-0.000214,-0.130924,0.988617,0.074038,-0.092959,0.702414,0.705649,0.295816,0.696585,0.653615,0.26072,0.963073,0.066866,-0.009033,0.069247,0.997528,0.383221,0.12064,0.915708,0.39787,-0.013367,0.917325,0.010559,-0.077364,0.996918,-0.131321,0.991333,0.000214,0.267617,0.9635,0.000122,0.94055,-0.157262,-0.300974,0.918912,0.10596,-0.379925,0.969939,-0.240547,-0.036225,0.909391,0.170537,-0.379315,0.988952,0.148137,0.000153,0.851772,0.426221,-0.304605,0.852321,0.521012,-0.045076,0.474929,-0.583575,-0.65865,0.513352,-0.854427,-0.079653,0.130772,-0.98761,-0.086673,0.091311,-0.689962,-0.718009,-0.091372,0.68807,-0.71984,-0.130528,0.98526,-0.110355,0.257729,0.961058,-0.099612,0.29371,0.684286,-0.667409,0.379345,0.135441,-0.915281,-0.01175,0.086215,-0.996185,0.397534,-0.012116,-0.917478,0.009919,-0.075991,-0.99704]
}