{
    "name":"Circle.002Geometry",
    "metadata":{
        "version":3,
        "vertices":32,
        "generator":"io_three",
        "uvs":1,
        "faces":29,
        "normals":29,
        "type":"Geometry"
    },
    "vertices":[111.593,380.212,211.188,109.054,379.312,211.467,106.614,378.446,212.271,104.37,377.649,213.559,102.405,376.951,215.288,100.798,376.379,217.392,99.6069,375.954,219.787,98.8803,375.693,222.387,98.6457,375.608,225.083,98.9105,375.698,227.778,99.6658,375.964,230.364,100.884,376.393,232.745,102.514,376.968,234.831,104.498,377.67,236.537,106.757,378.47,237.802,109.205,379.336,238.574,111.747,380.237,238.825,114.286,381.138,238.543,116.726,382.003,237.742,118.97,382.8,236.451,120.935,383.498,234.722,122.541,384.07,232.618,123.732,384.495,230.223,124.46,384.756,227.626,124.694,384.842,224.93,124.43,384.751,222.236,123.673,384.485,219.646,122.456,384.056,217.265,120.826,383.48,215.179,118.841,382.779,213.473,116.583,381.98,212.211,114.135,381.113,211.436],
    "uvs":[[0.465819,-0.001246,0.750116,0.064267,0.949945,0.276619,0.660319,0.023806,0.564232,0.001698,0.193159,0.102237,0.368677,0.015034,0.806883,0.89779,0.249923,0.935754,0.102251,0.8069,0.276627,0.049952,0.830343,0.121379,0.897803,0.193138,0.121421,0.169712,0.06426,0.249949,0.001693,0.435747,0.023808,0.339759,0.985003,0.368728,1.00122,0.465848,0.015046,0.631308,0.976113,0.660277,-0.001295,0.53419,0.998352,0.564276,0.049979,0.723416,0.935784,0.75008,0.878637,0.830315,0.339727,0.97617,0.534092,1.00128,0.169704,0.878638,0.723417,0.95002,0.631245,0.985014,0.435701,0.998334]],
    "faces":[40,8,5,2,0,1,2,0,0,0,40,6,5,7,3,1,4,1,1,1,40,11,9,8,5,6,0,2,2,2,40,27,21,19,7,8,9,3,3,3,40,10,9,11,10,6,5,4,4,4,40,4,3,5,11,12,1,5,5,5,40,11,8,2,5,0,2,6,6,6,40,3,2,5,12,2,1,7,7,7,40,12,11,13,13,5,14,8,8,8,40,8,7,5,0,4,1,9,9,9,40,15,14,13,15,16,14,10,10,10,40,2,1,0,2,17,18,11,11,11,40,17,15,13,19,15,14,12,12,12,40,2,0,30,2,18,20,13,13,13,40,17,16,15,19,21,15,14,14,14,40,0,31,30,18,22,20,15,15,15,40,19,17,13,9,19,14,16,16,16,40,19,13,11,9,14,5,17,17,17,40,19,18,17,9,23,19,18,18,18,40,30,29,27,20,24,7,19,19,19,40,28,27,29,25,7,24,20,20,20,40,22,27,24,26,7,27,21,21,21,40,20,19,21,28,9,8,22,22,22,40,22,21,27,26,8,7,23,23,23,40,27,26,24,7,29,27,24,24,24,40,25,24,26,30,27,29,25,25,25,40,30,27,19,20,7,9,26,26,26,40,24,23,22,27,31,26,27,27,27,41,2,30,19,11,2,20,9,5,28,28,28,28],
    "normals":[0.334084,-0.001018,0.942543,0.334243,-0.00101,0.942486,0.334355,-0.00105,0.942447,0.334075,-0.000989,0.942546,0.334307,-0.001029,0.942464,0.33459,-0.00054,0.942364,0.33414,-0.000979,0.942523,0.333852,-0.001315,0.942625,0.334832,-0.001835,0.942276,0.334598,-0.000856,0.942361,0.333807,-0.000143,0.942641,0.333994,-0.00163,0.942574,0.334118,-0.000952,0.942531,0.334105,-0.001054,0.942535,0.334118,-0.001054,0.942531,0.334273,-0.001976,0.942474,0.334142,-0.001081,0.942522,0.334142,-0.001094,0.942522,0.334065,-0.001274,0.942549,0.334585,-0.001576,0.942364,0.333588,-0.000506,0.942719,0.334171,-0.001007,0.942512,0.333131,-0.00198,0.942879,0.334006,-0.000989,0.94257,0.333666,-0.000841,0.942691,0.336074,-0.001364,0.941835,0.334128,-0.000978,0.942527,0.333777,-0.001088,0.942651,0.334116,-0.000981,0.942532]
}