{
    "metadata": {
        "type": "Geometry",
        "uvs": 1,
        "vertices": 183,
        "faces": 160,
        "version": 3,
        "normals": 182,
        "generator": "io_three"
    },
    "name": "birka_sidenie.001Geometry.1",
    "uvs": [[0.022197,1.04866,0.013313,1.05775,-0.013094,1.05463,-0.004235,1.04858,0.048532,1.06089,0.048607,1.05177,-0.065559,1.00586,-0.072286,0.503014,-0.045847,0.50309,-0.047933,1.00591,0.075064,1.04881,0.048984,1.00619,0.066626,1.0032,0.101469,1.05192,0.048632,1.04873,0.040147,1.0092,1.06219,1.01211,1.0354,1.05459,1.01781,1.0515,1.03575,1.01204,-0.039403,1.03937,-0.057049,1.04235,0.004979,0.999984,-0.039127,1.00593,0.007014,0.503241,0.013765,1.00304,0.136712,1.05202,0.568813,1.00767,0.568411,1.05629,0.040198,1.00312,0.022549,1.00611,0.01379,1.00001,0.040223,1.00008,0.040172,1.00616,-0.00421,1.04554,0.066652,1.00016,0.579735,0.501834,1.00263,0.50608,1.00054,1.0089,0.051095,0.500327,0.077527,0.500402,0.031411,1.00006,0.040248,0.997045,0.033446,0.503316,0.136637,1.06114,0.101393,1.06104,0.568335,1.06541,0.075039,1.05185,0.074964,1.06096,-0.02183,1.04549,-0.039504,1.05152,1.04668,0.506205,1.0643,0.506256,0.036009,-0.055553,0.035934,-0.046435,0.018313,-0.046485,0.009552,-0.052589,0.062463,-0.058518,0.062388,-0.049399,-0.026094,-0.004065,-0.052526,-0.00414,0.079612,-0.000727,0.070823,-0.003788,0.097607,-0.046259,0.124064,-0.049223,0.062363,-0.046359,0.053231,-0.006878,1.03152,-0.04056,1.04917,-0.043545,1.07524,-0.000924,1.04882,-0.000999,-0.04341,-0.040586,-0.025818,-0.037496,0.02672,0.002161,-0.017006,-0.037471,0.026745,-0.000878,0.150499,-0.049148,0.079587,0.002312,0.582223,-0.047917,0.581846,-0.002331,0.044394,-0.003864,0.05318,-0.000803,0.053155,0.002237,0.053205,-0.003839,0.035582,-0.003889,0.044745,-0.04641,0.018288,-0.043449,0.062011,-0.003813,0.061961,0.002262,0.05313,0.005276,0.124139,-0.058342,0.150575,-0.058266,0.582298,-0.057035,0.088896,-0.058442,0.08882,-0.049324,-0.008144,-0.043525,-0.016905,-0.049625,1.04879,0.002037,1.01355,0.001936,-0.065861,1.04233,-0.013119,1.05767,1.07981,1.01216,1.05306,1.0516,1.04422,1.05461,-0.074371,1.00583,1.08192,0.506306,1.01783,1.04845,1.00016,1.05448,0.013288,1.06079,0.101368,1.06408,0.074939,1.064,0.036034,-0.058593,0.000765,-0.055654,1.06674,-0.03742,1.09287,-0.000874,1.05798,-0.04352,1.03149,-0.03752,-0.043385,-0.043625,1.02278,-0.0497,1.02281,-0.052739,-0.025717,-0.04965,1.01392,-0.043646,0.088921,-0.061482,0.124165,-0.061381,1.0089,1.06363]],
    "vertices": [82.2884,476.828,-204.571,82.0618,476.796,-204.068,82.0728,477.428,-204.025,82.2979,477.46,-204.525,82.0532,476.168,-204.111,82.2801,476.2,-204.614,84.8537,478.602,-202.698,99.812,477.92,-195.997,100.038,477.952,-196.499,85.0785,478.633,-203.197,82.3578,475.578,-204.757,85.0677,476.102,-203.554,85.2216,475.765,-203.511,82.349,474.928,-204.802,82.366,476.206,-204.714,84.9718,476.538,-203.57,84.4974,454.147,-204.396,82.1231,454.462,-205.456,82.34,454.492,-205.938,84.7217,454.178,-204.894,82.6901,478.568,-204.269,82.4718,478.537,-203.785,85.4967,477.431,-203.282,85.1339,478.603,-203.313,100.089,477.922,-196.617,100.092,476.769,-196.74,82.7699,478.541,-204.37,85.2439,477.296,-203.405,85.2872,475.63,-203.503,82.3392,474.235,-204.85,84.9635,464.563,-204.35,82.2015,464.713,-205.5,84.8017,476.923,-202.785,85.0581,476.959,-203.354,85.3613,477.321,-203.236,85.0736,477.281,-202.598,84.9496,476.529,-203.43,84.6933,476.493,-202.861,82.3743,476.834,-204.67,85.0803,476.968,-203.494,82.3834,477.461,-204.624,84.7891,476.057,-202.845,85.0455,476.093,-203.414,85.0501,475.674,-202.71,85.3379,475.714,-203.348,99.9145,463.873,-197.658,99.7663,454.357,-198.298,84.8165,455.042,-204.991,99.7532,474.931,-196.171,100.01,474.967,-196.74,84.9306,477.375,-202.529,84.8713,477.244,-202.578,85.124,477.379,-202.455,84.8489,475.713,-202.684,84.9043,475.577,-202.654,85.0974,475.556,-202.582,84.6985,476.051,-202.735,84.6026,476.487,-202.751,99.7789,476.688,-196.049,99.723,476.717,-195.921,100.065,474.937,-196.867,84.7111,476.916,-202.675,82.2533,474.228,-204.75,82.0263,474.197,-204.247,82.0358,474.89,-204.198,82.2631,474.922,-204.703,82.1163,464.689,-205.404,81.8948,464.658,-204.913,82.2718,475.572,-204.658,82.0447,475.54,-204.154,82.3101,478.1,-204.474,82.089,478.069,-203.983,99.6812,453.493,-198.196,99.4555,453.462,-197.695,84.7776,454.222,-205.003,99.733,453.538,-198.307,100.035,476.723,-196.618,99.6963,474.886,-196.048,117.505,475.178,-188.194,117.732,475.209,-188.696,117.739,475.841,-188.651,117.514,475.81,-188.152,117.495,474.55,-188.237,117.722,474.581,-188.741,114.996,477.267,-189.798,114.771,477.235,-189.299,114.917,474.409,-190.211,115.077,474.732,-190.114,117.73,473.962,-188.915,117.72,473.313,-188.96,117.74,474.591,-188.871,115.186,475.158,-190.038,117.02,452.908,-190.405,116.803,452.878,-189.924,114.415,452.781,-190.997,114.639,452.812,-191.494,117.155,476.953,-188.251,117.373,476.984,-188.736,114.691,476.098,-190.207,115.043,477.237,-189.917,117.394,476.96,-188.863,114.939,475.94,-190.105,117.709,472.62,-189.008,114.664,474.275,-190.333,117.562,463.098,-189.663,114.863,463.198,-190.959,114.999,475.591,-189.944,114.743,475.556,-189.375,114.451,475.94,-189.441,114.738,475.98,-190.079,115.095,475.152,-189.928,114.839,475.116,-189.359,114.427,474.332,-189.552,114.715,474.372,-190.191,115.09,475.598,-190.054,117.749,475.219,-188.826,117.756,475.846,-188.781,114.987,474.726,-190.004,114.73,474.69,-189.435,114.567,475.888,-189.278,114.501,476.024,-189.285,114.318,476.046,-189.38,114.292,474.223,-189.506,114.475,474.226,-189.41,114.545,474.357,-189.384,114.708,474.68,-189.295,114.816,475.107,-189.219,114.721,475.546,-189.235,117.702,473.304,-188.83,117.475,473.272,-188.326,117.465,472.578,-188.375,117.691,472.61,-188.878,117.323,463.04,-189.045,117.545,463.071,-189.536,117.485,473.922,-188.281,117.712,473.953,-188.785,117.742,476.482,-188.605,117.521,476.451,-188.114,114.687,452.857,-191.607,114.714,453.677,-191.6,82.0719,478.042,-203.856,82.4503,478.496,-203.662,82.0554,477.416,-203.896,84.451,454.177,-204.278,84.443,454.404,-204.226,82.3954,454.65,-205.155,82.1036,454.49,-205.33,84.8056,478.557,-202.584,82.3947,478.087,-204.572,99.4047,453.492,-197.579,99.3925,453.719,-197.528,82.4204,454.535,-206.032,82.063,455.132,-206.154,99.7595,477.876,-195.885,82.0443,476.788,-203.938,82.0357,476.16,-203.981,82.0088,474.189,-204.117,82.0183,474.882,-204.068,81.8785,464.668,-204.783,82.0271,475.531,-204.024,117.419,475.173,-188.094,117.409,474.544,-188.138,117.428,475.8,-188.053,114.715,477.191,-189.189,116.412,453.097,-189.92,114.344,453.038,-190.834,114.36,452.811,-190.882,116.723,452.91,-189.824,117.04,452.954,-190.527,117.074,476.915,-188.154,117.181,453.444,-189.719,117.098,453.474,-189.622,117.239,463.053,-188.946,117.435,476.427,-188.018,117.758,476.472,-188.734,117.413,453.518,-190.322,117.397,453.474,-190.198,117.399,473.916,-188.181,117.389,473.267,-188.227,81.9785,455.091,-206.062,81.7625,455.061,-205.583,81.7474,455.088,-205.454,117.379,472.574,-188.275],