{
    "metadata": {
        "type": "Geometry",
        "uvs": 1,
        "vertices": 48,
        "faces": 40,
        "version": 3,
        "normals": 47,
        "generator": "io_three"
    },
    "name": "birka_spinka001Geometry.1",
    "uvs": [[0.015966,-0.013527,-0.028033,-0.013706,-0.021283,-0.068688,0.017343,-0.074029,0.521839,-0.071976,0.520587,-0.016976,-0.006952,0.993013,-0.050951,0.992834,0.497544,0.995067,-0.008204,1.04801,-0.04658,1.04236,0.496292,1.05006,-0.037408,-0.085254,-0.036155,-0.140259,0.018846,-0.140035,0.017719,-0.090533,0.522215,-0.08848,0.523342,-0.137981,-0.009832,1.11952,-0.064834,1.11929,-0.063581,1.06429,-0.008705,1.07001,-0.122581,0.998043,-0.072952,0.992744,-0.068957,1.05877,-0.118457,1.05857,-0.050035,-0.013796,-0.099413,-0.0195,-0.092534,-0.079978,-0.043034,-0.079776,0.494663,1.12157,0.495791,1.07207,1.06208,-0.058777,1.06658,-0.014754,1.01708,-0.014955,1.01833,-0.069955,1.04354,0.997289,0.994036,0.997088,1.03691,1.04677,0.992784,1.05208,1.07358,-0.080731,1.01871,-0.086458,1.01983,-0.13596,1.08034,-0.135714,1.05178,1.11834,0.996657,1.12362,0.992283,1.07409,1.04741,1.06881,1.05866,1.05786,1.06554,0.997379,1.11492,1.00308,1.10804,1.06356,1.08308,-0.014686,1.13808,-0.014463,1.07896,-0.075209,1.13396,-0.074985]],
    "vertices": [-164.121,804.915,3.2769,-164.121,804.915,5.0689,-163.51,803.233,4.7788,-163.427,803.01,3.2767,-163.429,803.012,-3.8496,-164.123,804.916,-3.8494,-176.274,839.918,3.2836,-176.274,839.918,5.0768,-176.276,839.919,-3.8415,-176.968,841.82,3.2837,-176.885,841.599,4.8215,-176.97,841.821,-3.8413,-163.811,802.659,5.2325,-165.446,802.109,5.2329,-165.34,801.826,3.277,-163.706,802.377,3.2767,-163.707,802.378,-3.8495,-165.342,801.828,-3.8491,-179.232,841.598,3.2842,-179.127,841.318,5.2825,-177.492,841.869,5.2821,-177.598,842.148,3.2839,-178.361,839.209,5.5956,-176.728,839.764,5.5952,-164.575,804.761,5.5874,-166.208,804.206,5.5878,-179.234,841.599,-3.8408,-177.599,842.149,-3.8411,-163.526,803.268,-12.4878,-164.125,804.917,-12.7676,-164.125,804.917,-10.9744,-163.43,803.013,-10.9746,-176.278,839.92,-12.7598,-176.278,839.92,-10.9677,-176.849,841.494,-12.4598,-176.971,841.822,-10.9675,-163.83,802.701,-12.9435,-163.709,802.379,-10.9745,-165.344,801.829,-10.9742,-165.465,802.151,-12.9432,-179.081,841.189,-12.9115,-179.236,841.6,-10.9671,-177.601,842.151,-10.9674,-177.447,841.739,-12.9119,-176.732,839.766,-13.278,-178.365,839.212,-13.2777,-164.578,804.763,-13.2859,-166.211,804.209,-13.2855],
    "faces": [41,0,1,2,3,0,1,2,3,0,1,2,3,41,0,3,4,5,0,3,4,5,0,3,4,5,41,0,6,7,1,0,6,7,1,0,6,7,1,41,6,0,5,8,6,0,5,8,6,0,5,5,41,6,9,10,7,6,9,10,7,6,8,9,7,41,6,8,11,9,6,8,11,9,6,5,10,8,41,12,13,14,15,12,13,14,15,11,12,13,14,41,16,15,14,17,16,15,14,17,15,14,13,16,41,18,19,20,21,18,19,20,21,17,18,19,20,41,22,23,20,19,22,23,24,25,21,22,19,18,41,24,23,22,25,26,23,22,27,23,22,21,24,41,24,25,13,12,26,27,28,29,23,24,12,11,41,26,18,21,27,30,18,21,31,25,17,20,26,41,28,29,30,31,32,33,34,35,27,28,29,30,41,5,4,31,30,5,4,35,34,5,4,30,29,41,29,32,33,30,33,36,37,34,28,31,32,29,41,5,30,33,8,5,34,37,8,5,29,32,5,41,34,35,33,32,38,39,37,36,33,34,32,31,41,11,8,33,35,11,8,37,39,10,5,32,34,41,36,37,38,39,40,41,42,43,35,36,37,38,41,16,17,38,37,16,17,42,41,15,16,37,36,41,40,41,42,43,44,45,46,47,39,40,41,42,41,43,44,45,40,48,49,50,51,42,43,44,39,41,44,46,47,45,49,52,53,50,43,45,46,44,41,46,36,39,47,52,54,55,53,45,35,38,46,41,26,27,42,41,30,31,46,45,25,26,41,40,41,15,3,2,12,15,3,2,12,14,3,2,11,41,24,12,2,1,26,29,2,1,23,11,2,1,41,15,16,4,3,15,16,4,3,14,15,4,3,41,21,20,10,9,21,20,10,9,20,19,9,8,41,23,7,10,20,23,7,10,24,22,7,9,19,41,21,9,11,27,21,9,11,31,20,8,10,26,41,37,36,28,31,41,40,32,35,36,35,27,30,41,46,29,28,36,52,33,32,54,45,28,27,35,41,16,37,31,4,16,41,35,4,15,36,30,4,41,34,43,42,35,38,47,46,39,33,42,41,34,41,44,43,34,32,49,48,38,36,43,42,33,31,41,27,11,35,42,31,11,39,46,26,10,34,41,41,24,1,7,23,26,1,7,23,23,1,7,22,41,44,32,29,46,49,36,33,52,43,31,28,45],
    "normals": [0.942137,0.335154,6.1e-05,0.88171,0.279702,0.379925,0.954619,0.023377,0.296823,0.998321,-0.048128,0.031373,0.999451,-0.032228,-0.000214,0.942076,0.335307,-0.000153,0.942137,0.335154,-0.000244,0.863521,0.335521,0.376446,0.7416,0.670217,0.028718,0.754265,0.585803,0.296457,0.751854,0.659291,-6.1e-05,0.581347,-0.488174,0.650899,0.22483,-0.667165,0.710135,0.318064,-0.944975,0.076327,0.668691,-0.740196,0.070132,0.674734,-0.738029,-0.000275,0.31901,-0.947722,-0.000214,-0.318125,0.945128,0.074038,-0.22599,0.671529,0.705649,0.156743,0.74041,0.653615,0.0712,0.995209,0.066836,-0.022126,0.066225,0.997528,0.352977,0.1919,0.915708,0.393109,0.063143,0.917295,0.025208,-0.073916,0.996918,-0.31901,0.947722,0.000214,0.077914,0.996948,0.000122,0.953276,0.026032,-0.300974,0.881527,0.280221,-0.379925,0.942167,0.335124,-0.000275,0.998077,-0.05002,-0.036225,0.859798,0.341777,-0.379345,0.942167,0.335093,0.000153,0.754204,0.581713,-0.304544,0.736564,0.674825,-0.045045,0.578082,-0.481613,-0.65865,0.667776,-0.740074,-0.079623,0.317789,-0.944182,-0.086642,0.221992,-0.659658,-0.718009,-0.221656,0.657765,-0.71984,-0.317026,0.941954,-0.110385,0.068636,0.992645,-0.099612,0.157018,0.727897,-0.66744,0.346294,0.205664,-0.915281,-0.028047,0.082369,-0.996185,0.392468,0.064333,-0.917478,0.024323,-0.072665,-0.99704]
}