{
    "metadata": {
        "type": "Geometry",
        "uvs": 1,
        "vertices": 96,
        "faces": 87,
        "version": 3,
        "normals": 96,
        "generator": "io_three"
    },
    "name": "prokladka_plastic_black.001Geometry",
    "uvs": [[0.9943,0.9704,0.9951,0.9738,0.9949,0.9773,0.9903,0.9647,0.992,0.9836,0.9863,0.9876,0.9938,0.9807,0.9894,0.986,0.9828,0.9884,0.9793,0.9882,0.973,0.9853,0.976,0.9872,0.9707,0.9827,0.969,0.9796,0.9684,0.9727,0.9683,0.9762,0.9695,0.9693,0.9714,0.9664,0.9771,0.9624,0.974,0.964,0.9805,0.9616,0.984,0.9618,0.9873,0.9628,0.9927,0.9673,0.5254,0.6587,0.5253,0.6622,0.525,0.6622,0.5251,0.6587,0.5252,0.6658,0.5248,0.6658,0.525,0.6694,0.5247,0.6694,0.5249,0.6729,0.5246,0.6729,0.5248,0.6765,0.5244,0.6765,0.5247,0.6801,0.5243,0.68,0.1359,0.4682,0.1359,0.4678,0.1395,0.4678,0.1395,0.4682,0.143,0.4678,0.143,0.4682,0.1466,0.4678,0.1466,0.4682,0.1502,0.4678,0.1502,0.4682,0.1537,0.4678,0.1537,0.4682,0.1573,0.4678,0.1573,0.4682,0.1608,0.4678,0.1608,0.4682,0.1644,0.4678,0.1644,0.4682,0.168,0.4678,0.168,0.4682,0.1715,0.4678,0.1715,0.4682,0.1751,0.4678,0.1751,0.4682,0.5264,0.6338,0.5263,0.6373,0.5259,0.6373,0.5261,0.6338,0.5261,0.6409,0.5258,0.6409,0.526,0.6445,0.5256,0.6445,0.5259,0.648,0.5255,0.648,0.5257,0.6516,0.5254,0.6516,0.5256,0.6551,0.5252,0.6551,0.5266,0.6694,0.5267,0.6659,0.5265,0.673,0.5264,0.6766,0.1359,0.4662,0.1395,0.4662,0.143,0.4663,0.1466,0.4663,0.1502,0.4663,0.1644,0.4663,0.1608,0.4663,0.168,0.4663,0.1715,0.4662,0.5277,0.641,0.5279,0.6374,0.5276,0.6445,0.5274,0.6481,0.5273,0.6516,0.5271,0.6552,0.527,0.6587,0.5274,0.6588,0.5272,0.6623,0.5269,0.6623,0.5271,0.6659,0.527,0.6694,0.5268,0.673,0.5267,0.6766,0.5266,0.6801,0.5262,0.6801,0.1395,0.4659,0.1359,0.4659,0.143,0.4659,0.1466,0.4659,0.1502,0.4659,0.1537,0.4663,0.1537,0.4659,0.1573,0.4659,0.1573,0.4663,0.1608,0.4659,0.1644,0.4659,0.168,0.4659,0.1715,0.4659,0.1751,0.4662,0.1751,0.4659,0.5284,0.6339,0.5282,0.6374,0.528,0.6338,0.5281,0.641,0.5279,0.6445,0.5278,0.6481,0.5276,0.6517,0.5275,0.6552]],
    "vertices": [54.9808,308.927,5.38804,56.5061,308.927,-1.49216,56.1987,308.927,-8.53276,46.9656,308.927,16.8349,50.2931,308.927,-21.1975,38.8462,308.927,-29.2127,54.0796,308.927,-15.2539,45.0973,308.927,-25.9586,31.966,308.927,-30.738,24.9254,308.927,-30.4306,12.2607,308.927,-24.525,18.2043,308.927,-28.3115,7.4996,308.927,-19.3292,4.2455,308.927,-13.0782,3.0276,308.927,0.842737,2.7202,308.927,-6.19786,5.1467,308.927,7.56384,8.9332,308.927,13.5074,20.3801,308.927,21.5226,14.129,308.927,18.2685,27.2603,308.927,23.0479,34.3009,308.927,22.7405,41.022,308.927,20.6214,51.7267,308.927,11.639,52.1398,308.427,11.9283,55.4547,308.427,5.56054,57.0085,308.427,-1.44826,56.6954,308.427,-8.62036,54.5366,308.427,-15.4671,50.6794,308.427,-21.5217,45.3865,308.427,-26.3717,39.0187,308.427,-29.6866,32.01,308.427,-31.2404,24.8379,308.427,-30.9273,17.9912,308.427,-28.7685,11.9365,308.427,-24.9113,7.0865,308.427,-19.6184,3.7716,308.427,-13.2506,2.2178,308.427,-6.24186,2.5309,308.427,0.930237,4.6897,308.427,7.77694,8.5469,308.427,13.8316,13.8398,308.427,18.6816,20.2076,308.427,21.9965,27.2163,308.427,23.5503,34.3885,308.427,23.2372,41.2351,308.427,21.0784,47.2898,308.427,17.2212,56.6954,305.265,-8.62036,57.0085,305.265,-1.44826,54.5366,305.265,-15.4671,50.6794,305.265,-21.5217,45.3865,305.265,-26.3717,39.0187,305.265,-29.6866,32.01,305.265,-31.2404,24.8379,305.265,-30.9273,17.9912,305.265,-28.7685,2.2178,305.265,-6.24186,3.7716,305.265,-13.2506,2.5309,305.265,0.930236,4.6897,305.265,7.77694,20.2076,305.265,21.9965,13.8398,305.265,18.6816,27.2163,305.265,23.5503,34.3885,305.265,23.2372,41.2351,305.265,21.0784,47.2898,305.265,17.2212,52.1398,305.265,11.9283,51.7267,304.765,11.639,54.9808,304.765,5.38804,55.4547,305.265,5.56054,56.5061,304.765,-1.49216,56.1987,304.765,-8.53276,54.0796,304.765,-15.2539,50.2931,304.765,-21.1975,45.0973,304.765,-25.9586,38.8462,304.765,-29.2127,31.966,304.765,-30.738,24.9254,304.765,-30.4306,18.2043,304.765,-28.3115,11.9365,305.265,-24.9113,12.2607,304.765,-24.525,7.4996,304.765,-19.3292,7.0865,305.265,-19.6184,4.2455,304.765,-13.0782,2.7202,304.765,-6.19786,3.0276,304.765,0.842736,5.1467,304.765,7.56384,8.5469,305.265,13.8316,8.9332,304.765,13.5074,14.129,304.765,18.2685,20.3801,304.765,21.5226,27.2603,304.765,23.0479,34.3009,304.765,22.7405,41.022,304.765,20.6214,46.9656,304.765,16.8349],
    "faces": [41,0,1,2,3,0,1,2,3,0,1,2,3,41,4,5,2,6,4,5,2,6,4,5,2,6,40,4,7,5,4,7,5,4,7,5,41,5,8,9,10,5,8,9,10,5,8,9,10,40,9,11,10,9,11,10,9,11,10,41,10,12,13,14,10,12,13,14,10,12,13,14,40,13,15,14,13,15,14,13,15,14,41,5,10,14,3,5,10,14,3,5,10,14,3,41,14,16,17,18,14,16,17,18,14,16,17,18,40,17,19,18,17,19,18,17,19,18,41,18,20,21,3,18,20,21,3,18,20,21,3,40,21,22,3,21,22,3,21,22,3,40,14,18,3,14,18,3,14,18,3,40,2,5,3,2,5,3,2,5,3,40,23,0,3,23,0,3,23,0,3,41,0,23,24,25,26,27,24,25,0,23,24,25,41,1,0,25,26,29,26,25,28,1,0,25,26,41,26,27,2,1,28,30,31,29,26,27,2,1,41,27,28,6,2,30,32,33,31,27,28,6,2,41,6,28,29,4,33,32,34,35,6,28,29,4,41,4,29,30,7,35,34,36,37,4,29,30,7,41,7,30,31,5,38,39,40,41,7,30,31,5,41,5,31,32,8,41,40,42,43,5,31,32,8,41,8,32,33,9,43,42,44,45,8,32,33,9,41,9,33,34,11,45,44,46,47,9,33,34,11,41,11,34,35,10,47,46,48,49,11,34,35,10,41,10,35,36,12,49,48,50,51,10,35,36,12,41,12,36,37,13,51,50,52,53,12,36,37,13,41,13,37,38,15,53,52,54,55,13,37,38,15,41,15,38,39,14,55,54,56,57,15,38,39,14,41,40,16,14,39,58,59,57,56,40,16,14,39,41,40,41,17,16,58,60,61,59,40,41,17,16,41,41,42,19,17,62,63,64,65,41,42,19,17,41,19,42,43,18,64,63,66,67,19,42,43,18,41,18,43,44,20,67,66,68,69,18,43,44,20,41,20,44,45,21,69,68,70,71,20,44,45,21,41,21,45,46,22,71,70,72,73,21,45,46,22,41,22,46,47,3,73,72,74,75,22,46,47,3,41,47,24,23,3,74,24,27,75,47,24,23,3,41,48,27,26,49,76,30,28,77,48,27,26,49,41,48,50,28,27,76,78,32,30,48,50,28,27,41,50,51,29,28,78,79,34,32,50,51,29,28,41,31,30,52,53,40,39,80,81,31,30,52,53,41,32,31,53,54,42,40,81,82,32,31,53,54,41,55,56,34,33,83,84,46,44,55,56,34,33,41,57,38,37,58,85,54,52,86,57,38,37,58,41,57,59,39,38,85,87,56,54,57,59,39,38,41,59,60,40,39,87,88,58,56,59,60,40,39,41,61,43,42,62,89,66,63,90,61,43,42,62,41,63,44,43,61,91,68,66,89,63,44,43,61,41,64,65,46,45,92,93,72,70,64,65,46,45,41,24,47,66,67,24,74,94,95,24,47,66,67,41,68,69,70,67,96,97,98,95,68,69,70,67,41,70,69,71,49,98,97,99,77,70,69,71,49,41,72,48,49,71,100,76,77,99,72,48,49,71,41,73,50,48,72,101,78,76,100,73,50,48,72,41,74,51,50,73,102,79,78,101,74,51,50,73,41,75,52,51,74,103,104,79,102,75,52,51,74,41,76,53,52,75,105,81,80,106,76,53,52,75,41,77,54,53,76,107,82,81,105,77,54,53,76,41,78,55,54,77,108,83,82,107,78,55,54,77,41,56,55,78,79,84,83,108,109,56,55,78,79,41,80,56,79,81,110,84,109,111,80,56,79,81,41,82,83,80,81,112,113,110,111,82,83,80,81,41,83,82,84,58,113,112,114,86,83,82,84,58,41,84,85,57,58,114,115,85,86,84,85,57,58,41,59,57,85,86,87,85,115,116,59,57,85,86,41,86,87,60,59,116,117,88,87,86,87,60,59,41,88,60,87,89,118,88,117,119,88,60,87,89,41,89,90,62,88,120,121,90,122,89,90,62,88,41,61,62,90,91,89,90,121,123,61,62,90,91,41,61,91,92,63,89,123,124,91,61,91,92,63,41,64,63,92,93,92,91,124,125,64,63,92,93,41,64,93,94,65,92,125,126,93,64,93,94,65,41,94,95,66,65,126,127,94,93,94,95,66,65,41,68,67,66,95,96,95,94,127,68,67,66,95,41,25,24,67,70,25,24,95,98,25,24,67,70,41,70,49,26,25,98,77,28,25,70,49,26,25,41,30,29,51,52,36,34,79,104,30,29,51,52,41,55,33,32,54,83,44,42,82,55,33,32,54,41,80,35,34,56,110,48,46,84,80,35,34,56,41,83,36,35,80,113,50,48,110,83,36,35,80,41,58,37,36,83,86,52,50,113,58,37,36,83,41,60,88,41,40,88,118,60,58,60,88,41,40,41,88,62,42,41,122,90,63,62,88,62,42,41,41,63,64,45,44,91,92,70,68,63,64,45,44,41,65,66,47,46,93,94,74,72,65,66,47,46],