{
    "normals":[0.983428,0.181249,6.1e-05,0.914945,0.136113,0.379894,0.946226,-0.128483,0.296823,0.978027,-0.206061,0.031373,0.981658,-0.190588,-0.000244,0.983398,0.181402,-0.000153,0.983428,0.181249,-0.000275,0.90585,0.194128,0.376415,0.838649,0.543901,0.028718,0.837733,0.458571,0.296487,0.847041,0.53148,-6.1e-05,0.496445,-0.574328,0.650868,0.11594,-0.694418,0.710135,0.163854,-0.98352,0.076327,0.542619,-0.837001,0.070132,0.548936,-0.835841,-0.000275,0.164373,-0.986389,-0.000214,-0.163915,0.983673,0.074038,-0.116398,0.698935,0.705618,0.272347,0.706076,0.653645,0.228431,0.971252,0.066866,-0.011322,0.068911,0.997528,0.378979,0.133427,0.915708,0.398144,-6.1e-05,0.917295,0.013153,-0.076968,0.996918,-0.164373,0.986389,0.000214,0.235298,0.971892,0.000122,0.945311,-0.125706,-0.300943,0.914853,0.136662,-0.379925,0.983428,0.181219,-0.000275,0.977447,-0.207953,-0.036195,0.903165,0.200873,-0.379345,0.983428,0.181158,0.000153,0.837031,0.454512,-0.304575,0.834407,0.549272,-0.045045,0.494217,-0.56737,-0.65862,0.541734,-0.836756,-0.079623,0.163762,-0.982665,-0.086642,0.114414,-0.686544,-0.718009,-0.114292,0.684591,-0.719871,-0.163305,0.980346,-0.110416,0.225471,0.969115,-0.099612,0.270669,0.693686,-0.66744,0.374584,0.148045,-0.915281,-0.014588,0.085788,-0.996185,0.397717,0.00116,-0.917478,0.012482,-0.075594,-0.99704],
    "faces":[41,0,1,2,3,0,1,2,3,0,1,2,3,41,0,3,4,5,0,3,4,5,0,3,4,5,41,0,6,7,1,0,6,7,1,0,6,7,1,41,6,0,5,8,6,0,5,8,6,0,5,5,41,6,9,10,7,6,9,10,7,6,8,9,7,41,6,8,11,9,6,8,11,9,6,5,10,8,41,12,13,14,15,12,13,14,15,11,12,13,14,41,16,15,14,17,16,15,14,17,15,14,13,16,41,18,19,20,21,18,19,20,21,17,18,19,20,41,22,23,20,19,22,23,24,25,21,22,19,18,41,24,23,22,25,26,23,22,27,23,22,21,24,41,24,25,13,12,26,27,28,29,23,24,12,11,41,26,18,21,27,30,18,21,31,25,17,20,26,41,28,29,30,31,32,33,34,35,27,28,29,30,41,5,4,31,30,5,4,35,34,5,4,30,29,41,29,32,33,30,33,36,37,34,28,31,32,29,41,5,30,33,8,5,34,37,8,5,29,32,5,41,34,35,33,32,38,39,37,36,33,34,32,31,41,11,8,33,35,11,8,37,39,10,5,32,34,41,36,37,38,39,40,41,42,43,35,36,37,38,41,16,17,38,37,16,17,42,41,15,16,37,36,41,40,41,42,43,44,45,46,47,39,40,41,42,41,43,44,45,40,48,49,50,51,42,43,44,39,41,44,46,47,45,49,52,53,50,43,45,46,44,41,46,36,39,47,52,54,55,53,45,35,38,46,41,26,27,42,41,30,31,46,45,25,26,41,40,41,15,3,2,12,15,3,2,12,14,3,2,11,41,24,12,2,1,26,29,2,1,23,11,2,1,41,15,16,4,3,15,16,4,3,14,15,4,3,41,21,20,10,9,21,20,10,9,20,19,9,8,41,23,7,10,20,23,7,10,24,22,7,9,19,41,21,9,11,27,21,9,11,31,20,8,10,26,41,37,36,28,31,41,40,32,35,36,35,27,30,41,46,29,28,36,52,33,32,54,45,28,27,35,41,16,37,31,4,16,41,35,4,15,36,30,4,41,34,43,42,35,38,47,46,39,33,42,41,34,41,44,43,34,32,49,48,38,36,43,42,33,31,41,27,11,35,42,31,11,39,46,26,10,34,41,41,24,1,7,23,26,1,7,23,23,1,7,22,41,44,32,29,46,49,36,33,52,43,31,28,45],
    "name":"birka_spinka.001Geometry",
    "vertices":[-139.362,939.14,3.27691,-139.362,939.139,5.06891,-139.025,937.382,4.77881,-138.979,937.149,3.27671,-138.98,937.151,-3.84959,-139.363,939.141,-3.84939,-145.801,975.628,3.28362,-145.801,975.628,5.07682,-145.802,975.63,-3.84148,-146.184,977.617,3.28372,-146.137,977.386,4.82152,-146.185,977.618,-3.84128,-139.414,936.863,5.23251,-141.115,936.58,5.23291,-141.056,936.284,3.27701,-139.354,936.568,3.27671,-139.356,936.569,-3.84949,-141.057,936.286,-3.84909,-148.454,977.757,3.28422,-148.395,977.464,5.28252,-146.694,977.748,5.28212,-146.753,978.041,3.28392,-147.973,975.26,5.59562,-146.273,975.549,5.59522,-139.834,939.059,5.58741,-141.534,938.771,5.58781,-148.456,977.758,-3.84078,-146.754,978.042,-3.84108,-139.036,937.419,-12.4878,-139.365,939.142,-12.7676,-139.365,939.142,-10.9744,-138.982,937.152,-10.9746,-145.804,975.631,-12.7598,-145.804,975.631,-10.9677,-146.117,977.276,-12.4598,-146.187,977.62,-10.9675,-139.426,936.908,-12.9435,-139.357,936.571,-10.9745,-141.059,936.287,-10.9742,-141.127,936.625,-12.9432,-148.37,977.33,-12.9115,-148.457,977.76,-10.9671,-146.756,978.044,-10.9674,-146.669,977.613,-12.9119,-146.276,975.551,-13.278,-147.977,975.263,-13.2777,-139.837,939.062,-13.2859,-141.538,938.774,-13.2855],
    "uvs":[[-0.022316,-0.007462,-0.066097,-0.007462,-0.060624,-0.056715,-0.022316,-0.062185,0.53208,-0.062185,0.53208,-0.007462,-0.016843,0.999489,-0.066097,0.999489,0.53208,0.999489,-0.022316,1.05421,-0.060624,1.04874,0.53208,1.05421,-0.071571,-0.078601,-0.077044,-0.127856,-0.022316,-0.133329,-0.022316,-0.078601,0.53208,-0.084076,0.53208,-0.133329,-0.022316,1.12536,-0.077044,1.11989,-0.077044,1.07063,-0.016843,1.07063,-0.137239,0.999489,-0.087985,0.999489,-0.082518,1.05969,-0.131766,1.06516,-0.087985,-0.007462,-0.137239,-0.007462,-0.131766,-0.07313,-0.082518,-0.06766,0.537553,1.12536,0.53208,1.07611,1.04458,-0.056715,1.05006,-0.007462,1.0008,-0.007462,1.0008,-0.062185,1.05006,0.999489,1.0008,0.999489,1.04458,1.04327,1.0008,1.05421,1.05553,-0.078601,1.0008,-0.078601,1.0008,-0.133329,1.061,-0.127856,1.061,1.11989,1.00627,1.11989,1.0008,1.07063,1.05553,1.06516,1.06648,1.05421,1.07194,0.999489,1.1212,0.999489,1.11572,1.05969,1.06648,-0.007462,1.1212,-0.007462,1.061,-0.06766,1.11572,-0.07313]],
    "metadata":{
        "version":3,
        "normals":47,
        "type":"Geometry",
        "faces":40,
        "generator":"io_three",
        "vertices":48,
        "uvs":1
    }
}