{
    "vertices":[117.033,383.038,-257.294,114.435,382.113,-257.009,111.938,381.225,-256.185,109.641,380.407,-254.867,107.63,379.689,-253.097,105.985,379.102,-250.942,104.765,378.666,-248.49,104.022,378.398,-245.828,103.782,378.31,-243.067,104.053,378.404,-240.308,104.826,378.676,-237.66,106.073,379.117,-235.222,107.742,379.708,-233.087,109.772,380.428,-231.34,112.084,381.249,-230.045,114.589,382.139,-229.255,117.191,383.064,-228.997,119.79,383.988,-229.286,122.287,384.877,-230.106,124.584,385.696,-231.428,126.595,386.412,-233.198,128.239,387,-235.352,129.458,387.435,-237.805,130.203,387.703,-240.463,130.443,387.791,-243.224,130.172,387.698,-245.983,129.397,387.425,-248.635,128.152,386.985,-251.072,126.483,386.394,-253.208,124.452,385.674,-254.955,122.141,384.853,-256.246,119.635,383.963,-257.04],
    "uvs":[[0.465819,-0.001246,0.750116,0.064267,0.949945,0.276619,0.660319,0.023806,0.564232,0.001698,0.193159,0.102237,0.368677,0.015034,0.806883,0.89779,0.249923,0.935754,0.102251,0.8069,0.276627,0.049952,0.830343,0.121379,0.897803,0.193138,0.121421,0.169712,0.06426,0.249949,0.001693,0.435747,0.023808,0.339759,0.985003,0.368728,1.00122,0.465848,0.015046,0.631308,0.976113,0.660277,-0.001295,0.53419,0.998352,0.564276,0.049979,0.723416,0.935784,0.75008,0.878637,0.830315,0.339727,0.97617,0.534092,1.00128,0.169704,0.878638,0.723417,0.95002,0.631245,0.985014,0.435701,0.998334]],
    "metadata":{
        "generator":"io_three",
        "vertices":32,
        "type":"Geometry",
        "uvs":1,
        "normals":29,
        "faces":29,
        "version":3
    },
    "normals":[0.335041,-0.000999,0.942203,0.335064,-0.001047,0.942195,0.335312,-0.001066,0.942107,0.335017,-0.000986,0.942211,0.3353,-0.00106,0.942111,0.335564,-0.000504,0.942017,0.335062,-0.000984,0.942195,0.334805,-0.0013,0.942286,0.335718,-0.001789,0.941961,0.33554,-0.000841,0.942026,0.3348,-0.000287,0.942289,0.334981,-0.001337,0.942224,0.335043,-0.00092,0.942202,0.335035,-0.001061,0.942205,0.335042,-0.001064,0.942202,0.335167,-0.001793,0.942157,0.335072,-0.001079,0.942192,0.335072,-0.001095,0.942192,0.335,-0.001261,0.942217,0.335472,-0.001529,0.942049,0.334543,-0.000532,0.94238,0.335113,-0.001008,0.942178,0.334022,-0.00203,0.942563,0.334902,-0.000985,0.942253,0.334619,-0.000846,0.942353,0.337074,-0.00138,0.941477,0.335052,-0.000979,0.942199,0.334675,-0.001098,0.942333,0.335046,-0.000983,0.942201],
    "faces":[40,8,5,2,0,1,2,0,0,0,40,6,5,7,3,1,4,1,1,1,40,11,9,8,5,6,0,2,2,2,40,27,21,19,7,8,9,3,3,3,40,10,9,11,10,6,5,4,4,4,40,4,3,5,11,12,1,5,5,5,40,11,8,2,5,0,2,6,6,6,40,3,2,5,12,2,1,7,7,7,40,12,11,13,13,5,14,8,8,8,40,8,7,5,0,4,1,9,9,9,40,15,14,13,15,16,14,10,10,10,40,2,1,0,2,17,18,11,11,11,40,17,15,13,19,15,14,12,12,12,40,2,0,30,2,18,20,13,13,13,40,17,16,15,19,21,15,14,14,14,40,0,31,30,18,22,20,15,15,15,40,19,17,13,9,19,14,16,16,16,40,19,13,11,9,14,5,17,17,17,40,19,18,17,9,23,19,18,18,18,40,30,29,27,20,24,7,19,19,19,40,28,27,29,25,7,24,20,20,20,40,22,27,24,26,7,27,21,21,21,40,20,19,21,28,9,8,22,22,22,40,22,21,27,26,8,7,23,23,23,40,27,26,24,7,29,27,24,24,24,40,25,24,26,30,27,29,25,25,25,40,30,27,19,20,7,9,26,26,26,40,24,23,22,27,31,26,27,27,27,41,2,30,19,11,2,20,9,5,28,28,28,28],
    "name":"CircleGeometry"
}