{
    "normals":[0.995575,0.093905,6.1e-05,0.923338,0.054964,0.379955,0.931211,-0.211341,0.296915,0.956053,-0.291452,0.031373,0.961028,-0.276345,-0.000214,0.995544,0.094058,-0.000153,0.995575,0.093905,-0.000244,0.919431,0.11359,0.376446,0.883267,0.467971,0.028748,0.874844,0.383038,0.296457,0.890561,0.454848,-6.1e-05,0.443892,-0.615833,0.650899,0.054384,-0.701956,0.710105,0.076662,-0.99411,0.076327,0.466811,-0.881558,0.070162,0.473159,-0.880947,-0.000275,0.076876,-0.997009,-0.000214,-0.076632,0.994293,0.074038,-0.054384,0.706473,0.705618,0.333476,0.679342,0.653615,0.313028,0.947356,0.066866,-0.005219,0.069643,0.997528,0.389264,0.09949,0.915708,0.396558,-0.035127,0.917325,0.006317,-0.077853,0.996918,-0.076876,0.99704,0.000214,0.319956,0.947417,0.000122,0.93054,-0.208502,-0.300974,0.923338,0.055544,-0.379894,0.995575,0.093905,-0.000275,0.955321,-0.293252,-0.036225,0.917386,0.120518,-0.379284,0.995575,0.093844,0.000153,0.873836,0.379009,-0.304483,0.879543,0.473617,-0.045015,0.442305,-0.608692,-0.65865,0.465865,-0.881252,-0.079623,0.076571,-0.993286,-0.086642,0.053499,-0.693991,-0.717978,-0.053591,0.692068,-0.71981,-0.076357,0.990936,-0.110355,0.309946,0.945494,-0.099551,0.33076,0.667196,-0.667409,0.386181,0.114475,-0.915281,-0.007019,0.086703,-0.996185,0.396283,-0.033845,-0.917478,0.005737,-0.076418,-0.99704],
    "faces":[41,0,1,2,3,0,1,2,3,0,1,2,3,41,0,3,4,5,0,3,4,5,0,3,4,5,41,0,6,7,1,0,6,7,1,0,6,7,1,41,6,0,5,8,6,0,5,8,6,0,5,5,41,6,9,10,7,6,9,10,7,6,8,9,7,41,6,8,11,9,6,8,11,9,6,5,10,8,41,12,13,14,15,12,13,14,15,11,12,13,14,41,16,15,14,17,16,15,14,17,15,14,13,16,41,18,19,20,21,18,19,20,21,17,18,19,20,41,22,23,20,19,22,23,24,25,21,22,19,18,41,24,23,22,25,26,23,22,27,23,22,21,24,41,24,25,13,12,26,27,28,29,23,24,12,11,41,26,18,21,27,30,18,21,31,25,17,20,26,41,28,29,30,31,32,33,34,35,27,28,29,30,41,5,4,31,30,5,4,35,34,5,4,30,29,41,29,32,33,30,33,36,37,34,28,31,32,29,41,5,30,33,8,5,34,37,8,5,29,32,5,41,34,35,33,32,38,39,37,36,33,34,32,31,41,11,8,33,35,11,8,37,39,10,5,32,34,41,36,37,38,39,40,41,42,43,35,36,37,38,41,16,17,38,37,16,17,42,41,15,16,37,36,41,40,41,42,43,44,45,46,47,39,40,41,42,41,43,44,45,40,48,49,50,51,42,43,44,39,41,44,46,47,45,49,52,53,50,43,45,46,44,41,46,36,39,47,52,54,55,53,45,35,38,46,41,26,27,42,41,30,31,46,45,25,26,41,40,41,15,3,2,12,15,3,2,12,14,3,2,11,41,24,12,2,1,26,29,2,1,23,11,2,1,41,15,16,4,3,15,16,4,3,14,15,4,3,41,21,20,10,9,21,20,10,9,20,19,9,8,41,23,7,10,20,23,7,10,24,22,7,9,19,41,21,9,11,27,21,9,11,31,20,8,10,26,41,37,36,28,31,41,40,32,35,36,35,27,30,41,46,29,28,36,52,33,32,54,45,28,27,35,41,16,37,31,4,16,41,35,4,15,36,30,4,41,34,43,42,35,38,47,46,39,33,42,41,34,41,44,43,34,32,49,48,38,36,43,42,33,31,41,27,11,35,42,31,11,39,46,26,10,34,41,41,24,1,7,23,26,1,7,23,23,1,7,22,41,44,32,29,46,49,36,33,52,43,31,28,45],
    "name":"birka_spinka.001Geometry",
    "vertices":[-167.691,1015.82,2.75402,-167.69,1015.81,4.54602,-167.51,1014.03,4.25602,-167.484,1013.8,2.75382,-167.486,1013.8,-4.37238,-167.692,1015.82,-4.37218,-170.89,1052.73,2.76072,-170.89,1052.73,4.55393,-170.892,1052.73,-4.36437,-171.096,1054.74,2.76093,-171.07,1054.51,4.29863,-171.098,1054.75,-4.36417,-167.943,1013.55,4.70962,-169.663,1013.42,4.71002,-169.629,1013.12,2.75422,-167.91,1013.25,2.75392,-167.911,1013.25,-4.37238,-169.631,1013.12,-4.37198,-173.346,1055.08,2.76133,-173.313,1054.79,4.75963,-171.593,1054.92,4.75923,-171.626,1055.22,2.76103,-173.087,1052.55,5.07273,-171.368,1052.69,5.07233,-168.168,1015.78,5.06452,-169.887,1015.64,5.06492,-173.347,1055.08,-4.36357,-171.628,1055.22,-4.36397,-167.517,1014.07,-13.0107,-167.693,1015.82,-13.2905,-167.693,1015.82,-11.4973,-167.487,1013.8,-11.4975,-170.893,1052.73,-13.2826,-170.893,1052.73,-11.4906,-171.061,1054.4,-12.9827,-171.099,1054.75,-11.4904,-167.951,1013.6,-13.4664,-167.913,1013.26,-11.4974,-169.632,1013.12,-11.4971,-169.67,1013.47,-13.466,-173.3,1054.65,-13.4344,-173.349,1055.09,-11.49,-171.629,1055.22,-11.4903,-171.58,1054.78,-13.4348,-171.371,1052.69,-13.8009,-173.09,1052.56,-13.8005,-168.171,1015.78,-13.8088,-169.89,1015.64,-13.8084],
    "uvs":[[-0.009874,-0.002115,-0.140639,-0.002045,-0.126187,-0.025433,-0.009952,-0.028092,0.484054,-0.028357,0.484131,-0.002381,-0.008463,1.00084,-0.124705,1.0009,0.485543,1.00057,-0.008385,1.02682,-0.124635,1.02428,0.500144,1.02654,-0.155263,-0.03321,-0.155333,-0.056589,-0.010046,-0.059265,-0.009976,-0.035885,0.48403,-0.03615,0.48396,-0.05953,-0.008291,1.05799,-0.153586,1.05807,-0.153657,1.03469,-0.008362,1.03461,-0.313584,1.001,-0.182826,1.00093,-0.168203,1.0295,-0.29896,1.03217,-0.184237,-0.002022,-0.314995,-0.001952,-0.300551,-0.030534,-0.169786,-0.030605,0.500245,1.06031,0.500175,1.03693,1.09431,-0.02349,1.1089,-0.002716,0.992653,-0.002653,0.992575,-0.02863,1.11031,1.00024,0.994065,1.0003,1.09584,1.02103,0.994143,1.02628,1.12333,-0.033897,0.992552,-0.036423,0.992481,-0.059803,1.13779,-0.057283,1.13953,1.05478,0.994236,1.05745,0.994166,1.03407,1.13946,1.0314,1.15397,1.02619,1.16842,1.00021,1.29919,1.00014,1.28475,1.02872,1.16701,-0.002747,1.29778,-0.002817,1.15239,-0.031314,1.28316,-0.031384]],
    "metadata":{
        "version":3,
        "normals":47,
        "type":"Geometry",
        "faces":40,
        "generator":"io_three",
        "vertices":48,
        "uvs":1
    }
}