{
    "normals":[0.693411,0.142308,-0.70632,0.692312,0.139927,0.707877,0.680563,-0.450728,0.577624,0.681478,-0.449995,-0.577105,-0.449751,-0.680563,-0.578356,-0.451003,-0.681509,0.576281,-0.227241,-0.350047,0.908719,-0.224189,-0.348399,-0.910123,0.31135,0.633778,0.70806,0.627583,0.465529,0.624012,0.628651,0.466781,-0.621998,0.315714,0.635975,-0.704154,0.306894,0.671865,0.674062,0.336558,0.6039,0.722495,0.337077,0.603687,-0.722434,0.30665,0.673086,-0.672933,0.083926,0.733787,0.674123,0.083956,0.734916,-0.672903,-0.147191,0.723777,0.674123,-0.146855,0.724906,-0.672964,-0.363903,0.642842,0.674032,-0.363353,0.644215,-0.672994,-0.544877,0.498856,0.67394,-0.544328,0.500565,-0.673116,-0.672536,0.30607,0.673788,-0.67214,0.308023,-0.673269,-0.734367,0.083224,0.673574,-0.734245,0.085299,-0.673482,-0.724509,-0.145817,-0.673635,-0.724357,-0.147832,0.67336,-0.643727,-0.362651,-0.673818,-0.643391,-0.364452,0.673177,-0.499863,-0.543962,-0.67394,-0.499435,-0.545457,0.673055,-0.306681,-0.673086,0.672933,-0.306894,-0.671834,-0.674093,-0.083956,-0.734886,0.672933,-0.083926,-0.733787,-0.674154,0.146886,-0.724937,0.672933,0.147221,-0.723746,-0.674123,0.363353,-0.644215,0.672964,0.363872,-0.642781,-0.674062,0.283914,-0.589496,0.756188,0.286752,-0.586261,-0.757653],
    "faces":[41,0,1,2,3,0,1,2,3,0,1,2,3,41,4,5,6,7,4,5,6,7,4,5,6,7,41,5,4,3,2,8,9,10,11,5,4,3,2,41,5,2,1,6,12,13,14,15,5,2,1,6,41,8,9,10,11,16,17,18,19,8,9,10,11,41,10,0,7,11,20,21,22,23,10,0,7,11,41,0,10,9,1,0,24,25,1,0,10,9,1,41,9,8,6,1,26,27,15,14,9,8,6,1,41,0,3,4,7,21,28,29,22,0,3,4,7,41,12,13,14,15,30,31,32,33,12,13,14,15,41,16,12,15,17,34,30,33,35,16,12,15,17,41,18,16,17,19,36,34,35,37,18,16,17,19,41,20,18,19,21,38,36,37,39,20,18,19,21,41,22,20,21,23,40,38,39,41,22,20,21,23,41,24,22,23,25,42,40,41,43,24,22,23,25,41,26,24,25,27,44,42,43,45,26,24,25,27,41,26,27,28,29,44,45,46,47,26,27,28,29,41,28,30,31,29,46,48,49,47,28,30,31,29,41,30,32,33,31,48,50,51,49,30,32,33,31,41,34,33,32,35,52,51,50,53,34,33,32,35,41,36,34,35,37,54,52,53,55,36,34,35,37,41,38,36,37,39,56,54,55,57,38,36,37,39,41,40,38,39,41,58,56,57,59,40,38,39,41,41,42,40,41,43,60,58,59,61,42,40,41,43,41,43,14,11,7,62,63,23,22,43,14,11,7,41,13,12,22,42,64,65,66,67,13,12,22,42,41,12,16,18,22,65,68,69,66,12,16,18,22,40,18,20,22,69,70,66,18,20,22,41,22,24,26,31,66,71,72,73,22,24,26,31,40,26,29,31,72,74,73,26,29,31,41,42,22,31,38,67,66,73,75,42,22,31,38,41,31,33,34,38,73,76,77,75,31,33,34,38,40,34,36,38,77,78,75,34,36,38,40,42,38,40,67,75,79,42,38,40,41,14,13,8,11,32,31,16,19,14,13,8,11,41,6,42,43,7,80,60,61,81,6,42,43,7,41,41,39,37,32,82,83,84,85,41,39,37,32,40,37,35,32,84,86,85,37,35,32,41,43,41,32,25,62,82,85,87,43,41,32,25,41,32,30,28,25,85,88,89,87,32,30,28,25,40,28,27,25,89,90,87,28,27,25,41,25,23,21,17,87,91,92,93,25,23,21,17,40,21,19,17,92,94,93,21,19,17,41,25,17,14,43,87,93,63,62,25,17,14,43,40,17,15,14,93,95,63,17,15,14,41,8,13,42,6,27,64,67,15,8,13,42,6],
    "name":"podgolovnik_jet_black_metalGeometry",
    "vertices":[-189.419,1232.1,-28.8779,-189.46,1232.11,21.1231,-179.181,1181.64,21.0471,-179.139,1181.64,-28.954,-183.396,1180.77,-28.9601,-183.438,1180.77,21.0409,-193.817,1231.73,21.1177,-193.776,1231.72,-28.8833,-196.889,1241.74,21.1317,-190.747,1238.42,21.1327,-190.705,1238.42,-28.8684,-196.848,1241.73,-28.8694,-202.683,1244.95,21.043,-200.262,1243.35,21.0405,-200.268,1243.34,-28.8067,-202.689,1244.95,-28.8042,-205.482,1245.73,21.044,-205.488,1245.72,-28.8032,-208.384,1245.6,21.0434,-208.39,1245.6,-28.8039,-211.106,1244.59,21.0412,-211.112,1244.58,-28.806,-213.381,1242.78,21.0378,-213.387,1242.78,-28.8094,-214.987,1240.36,21.0334,-214.992,1240.35,-28.8138,-215.765,1237.56,21.0284,-215.771,1237.56,-28.8189,-215.647,1234.65,-28.8239,-215.641,1234.66,21.0233,-214.631,1231.93,-28.8285,-214.626,1231.94,21.0187,-212.825,1229.66,-28.8322,-212.819,1229.66,21.015,-210.398,1228.06,21.0125,-210.404,1228.05,-28.8347,-207.599,1227.28,21.0116,-207.605,1227.28,-28.8357,-204.697,1227.41,21.0122,-204.703,1227.4,-28.8351,-201.975,1228.42,21.0143,-201.981,1228.42,-28.8329,-199.7,1230.23,21.0178,-199.706,1230.23,-28.8295],
    "uvs":[[0.2866,0.5542,0.2865,0.5744,0.2657,0.5744,0.2657,0.5542,0.1421,0.9905,0.1421,0.9703,0.1631,0.9703,0.1631,0.9905,0.9275,0.8081,0.9477,0.8082,0.9477,0.81,0.9275,0.8098,0.6604,0.4747,0.6612,0.4767,0.6375,0.4853,0.6365,0.4834,0.6401,0.9233,0.6429,0.9233,0.6429,0.9435,0.6401,0.9435,0.8787,0.8328,0.8763,0.8319,0.8771,0.8303,0.8812,0.8314,0.2892,0.5542,0.2891,0.5744,0.6345,0.4864,0.6315,0.4847,0.8567,0.8247,0.8573,0.8231,0.6374,0.9234,0.6386,0.9234,0.6386,0.9435,0.6374,0.9435,0.6362,0.9234,0.6362,0.9435,0.6351,0.9234,0.6351,0.9435,0.6339,0.9234,0.6339,0.9435,0.6327,0.9234,0.6327,0.9435,0.6315,0.9234,0.6315,0.9435,0.6304,0.9234,0.6304,0.9435,0.6292,0.9435,0.6292,0.9234,0.628,0.9435,0.628,0.9234,0.6268,0.9435,0.6268,0.9234,0.6257,0.9234,0.6257,0.9435,0.6245,0.9234,0.6245,0.9435,0.6233,0.9234,0.6233,0.9435,0.6221,0.9234,0.6221,0.9435,0.621,0.9234,0.621,0.9435,0.8778,0.828,0.8825,0.8306,0.63,0.4837,0.6287,0.4831,0.6269,0.4781,0.6356,0.4806,0.6277,0.4821,0.627,0.4809,0.6267,0.4795,0.6275,0.4768,0.6284,0.4757,0.6311,0.4748,0.6297,0.475,0.6355,0.4778,0.6325,0.4749,0.6338,0.4755,0.6348,0.4765,0.6358,0.4791,0.6185,0.9233,0.6185,0.9435,0.8777,0.8268,0.8779,0.8257,0.8785,0.8246,0.8804,0.8233,0.8794,0.8238,0.8846,0.8249,0.8816,0.8232,0.8827,0.8234,0.8838,0.824,0.8851,0.8259,0.8852,0.8271,0.8844,0.8293,0.885,0.8283,0.8835,0.8301]],
    "metadata":{
        "version":3,
        "normals":44,
        "type":"Geometry",
        "faces":46,
        "generator":"io_three",
        "vertices":44,
        "uvs":1
    }
}