{
    "vertices":[157.656,399.981,250.65,156.097,399.93,250.651,154.577,399.573,250.653,153.157,398.93,250.654,151.889,398.021,250.656,150.824,396.881,250.659,150,395.556,250.661,149.451,394.094,250.663,149.199,392.555,250.665,149.25,390.995,250.667,149.606,389.477,250.669,150.251,388.057,250.67,151.16,386.789,250.671,152.3,385.723,250.672,153.625,384.899,250.672,155.086,384.351,250.671,156.626,384.097,250.671,158.185,384.15,250.669,159.704,384.505,250.668,161.125,385.151,250.666,162.393,386.06,250.664,163.458,387.199,250.662,164.281,388.525,250.659,164.83,389.985,250.657,165.083,391.524,250.655,165.031,393.083,250.653,164.675,394.604,250.651,164.03,396.024,250.65,163.121,397.292,250.649,161.981,398.358,250.649,160.656,399.179,250.648,159.195,399.73,250.649],
    "uvs":[[0.990963,0.60653,0.849018,0.861419,0.589495,0.994358,0.912842,0.786405,0.960783,0.700248,0.967335,0.315851,1.00232,0.508691,0.032556,0.684295,0.15088,0.138726,0.315699,0.032683,0.994362,0.410562,0.771859,0.922612,0.684179,0.967471,0.922456,0.228187,0.861266,0.150978,0.700177,0.039238,0.786237,0.087159,0.491272,1.00243,0.393471,0.991019,0.508609,-0.002286,0.213679,0.912868,0.606442,0.009009,0.299718,0.960912,0.410422,0.005673,0.138623,0.849169,0.077431,0.771975,0.087097,0.21376,0.008962,0.39349,0.22804,0.077541,0.005581,0.589601,-0.002418,0.491335,0.039134,0.299792]],
    "normals":[-0.000694,-0.999999,0.001277,-0.000631,-0.999999,0.001266,-0.000561,-0.999999,0.001271,-0.000761,-0.999999,0.001279,-4.8e-05,-0.999999,0.001096,-0.000102,-0.999998,0.001939,-0.000669,-0.999999,0.001296,-0.000739,-0.999999,0.001214,-1.4e-05,-1,0.000587,-0.000333,-0.999999,0.001413,-0.001337,-0.999996,0.002448,-0.000637,-0.999998,0.002073,-0.000706,-0.999999,0.001166,-0.000758,-0.999999,0.001161,-0.000679,-0.999999,0.000754,-0.00052,-1,0.000271,-0.000714,-0.999999,0.001196,-0.000714,-0.999999,0.001202,-0.000876,-0.999999,0.000719,-0.000378,-0.999999,0.000908,-0.000909,-0.999999,0.001374,-0.000528,-0.999999,0.001263,-0.002112,-0.999998,-0.00026,-0.000842,-0.999999,0.001273,-0.001465,-0.999998,0.001482,0.000753,-0.999999,0.001188,-0.000733,-0.999999,0.001286,-0.000923,-0.999999,0.001157,-0.000746,-0.999999,0.001278],
    "metadata":{
        "vertices":32,
        "generator":"io_three",
        "type":"Geometry",
        "normals":29,
        "uvs":1,
        "faces":29,
        "version":3
    },
    "faces":[40,8,5,2,0,1,2,0,0,0,40,6,5,7,3,1,4,1,1,1,40,11,9,8,5,6,0,2,2,2,40,27,21,19,7,8,9,3,3,3,40,10,9,11,10,6,5,4,4,4,40,4,3,5,11,12,1,5,5,5,40,11,8,2,5,0,2,6,6,6,40,3,2,5,12,2,1,7,7,7,40,12,11,13,13,5,14,8,8,8,40,8,7,5,0,4,1,9,9,9,40,15,14,13,15,16,14,10,10,10,40,2,1,0,2,17,18,11,11,11,40,17,15,13,19,15,14,12,12,12,40,2,0,30,2,18,20,13,13,13,40,17,16,15,19,21,15,14,14,14,40,0,31,30,18,22,20,15,15,15,40,19,17,13,9,19,14,16,16,16,40,19,13,11,9,14,5,17,17,17,40,19,18,17,9,23,19,18,18,18,40,30,29,27,20,24,7,19,19,19,40,28,27,29,25,7,24,20,20,20,40,22,27,24,26,7,27,21,21,21,40,20,19,21,28,9,8,22,22,22,40,22,21,27,26,8,7,23,23,23,40,27,26,24,7,29,27,24,24,24,40,25,24,26,30,27,29,25,25,25,40,30,27,19,20,7,9,26,26,26,40,24,23,22,27,31,26,27,27,27,41,2,30,19,11,2,20,9,5,28,28,28,28],
    "name":"Circle.003Geometry"
}