{
    "vertices":[115.93,382.467,-257.294,113.332,381.542,-257.009,110.835,380.653,-256.185,108.538,379.836,-254.867,106.527,379.118,-253.097,104.882,378.531,-250.942,103.663,378.095,-248.49,102.919,377.827,-245.828,102.679,377.739,-243.067,102.95,377.833,-240.308,103.723,378.105,-237.66,104.97,378.546,-235.222,106.639,379.137,-233.087,108.669,379.857,-231.34,110.981,380.678,-230.045,113.486,381.568,-229.255,116.088,382.493,-228.997,118.687,383.417,-229.286,121.184,384.306,-230.106,123.481,385.125,-231.428,125.492,385.841,-233.198,127.136,386.428,-235.352,128.355,386.864,-237.805,129.1,387.132,-240.463,129.34,387.22,-243.224,129.069,387.127,-245.983,128.294,386.854,-248.635,127.049,386.414,-251.072,125.38,385.823,-253.208,123.349,385.103,-254.955,121.038,384.282,-256.246,118.532,383.392,-257.04],
    "uvs":[[0.465819,-0.001246,0.750116,0.064267,0.949945,0.276619,0.660319,0.023806,0.564232,0.001698,0.193159,0.102237,0.368677,0.015034,0.806883,0.89779,0.249923,0.935754,0.102251,0.8069,0.276627,0.049952,0.830343,0.121379,0.897803,0.193138,0.121421,0.169712,0.06426,0.249949,0.001693,0.435747,0.023808,0.339759,0.985003,0.368728,1.00122,0.465848,0.015046,0.631308,0.976113,0.660277,-0.001295,0.53419,0.998352,0.564276,0.049979,0.723416,0.935784,0.75008,0.878637,0.830315,0.339727,0.97617,0.534092,1.00128,0.169704,0.878638,0.723417,0.95002,0.631245,0.985014,0.435701,0.998334]],
    "normals":[0.335041,-0.000998,0.942203,0.335072,-0.001043,0.942192,0.335321,-0.001068,0.942104,0.335019,-0.000985,0.942211,0.335308,-0.001063,0.942108,0.335564,-0.000504,0.942017,0.335062,-0.000983,0.942196,0.334805,-0.0013,0.942286,0.335731,-0.001802,0.941956,0.335537,-0.000842,0.942027,0.334802,-0.000296,0.942288,0.334981,-0.001337,0.942224,0.335044,-0.000925,0.942202,0.335035,-0.001058,0.942205,0.335043,-0.001054,0.942202,0.335167,-0.001784,0.942157,0.335072,-0.001077,0.942192,0.335072,-0.001095,0.942192,0.335002,-0.001252,0.942216,0.335474,-0.001532,0.942048,0.334536,-0.000526,0.942383,0.335114,-0.001008,0.942177,0.334016,-0.002037,0.942565,0.334902,-0.000985,0.942252,0.334625,-0.000847,0.942351,0.337074,-0.00138,0.941477,0.335051,-0.000979,0.9422,0.334675,-0.001098,0.942333,0.335046,-0.000983,0.942201],
    "metadata":{
        "vertices":32,
        "generator":"io_three",
        "type":"Geometry",
        "normals":29,
        "uvs":1,
        "faces":29,
        "version":3
    },
    "faces":[40,8,5,2,0,1,2,0,0,0,40,6,5,7,3,1,4,1,1,1,40,11,9,8,5,6,0,2,2,2,40,27,21,19,7,8,9,3,3,3,40,10,9,11,10,6,5,4,4,4,40,4,3,5,11,12,1,5,5,5,40,11,8,2,5,0,2,6,6,6,40,3,2,5,12,2,1,7,7,7,40,12,11,13,13,5,14,8,8,8,40,8,7,5,0,4,1,9,9,9,40,15,14,13,15,16,14,10,10,10,40,2,1,0,2,17,18,11,11,11,40,17,15,13,19,15,14,12,12,12,40,2,0,30,2,18,20,13,13,13,40,17,16,15,19,21,15,14,14,14,40,0,31,30,18,22,20,15,15,15,40,19,17,13,9,19,14,16,16,16,40,19,13,11,9,14,5,17,17,17,40,19,18,17,9,23,19,18,18,18,40,30,29,27,20,24,7,19,19,19,40,28,27,29,25,7,24,20,20,20,40,22,27,24,26,7,27,21,21,21,40,20,19,21,28,9,8,22,22,22,40,22,21,27,26,8,7,23,23,23,40,27,26,24,7,29,27,24,24,24,40,25,24,26,30,27,29,25,25,25,40,30,27,19,20,7,9,26,26,26,40,24,23,22,27,31,26,27,27,27,41,2,30,19,11,2,20,9,5,28,28,28,28],
    "name":"CircleGeometry"
}